SSS,TTT
S001,T01
S001,T02
S001,T03
S001,T04
S001,T05
S001,T06
S001,T07
S001,T08
S001,T09
S001,T10
S001,T11
S001,T12
S001,T13
S001,T14
S001,T15
S001,T16
S001,T17
S001,T18
S001,T19
S001,T20
S001,T21
S001,T22
S001,T23
S001,T24
S002,T01
S002,T02
S002,T03
S002,T04
S002,T05
S002,T06
S002,T07
S002,T08
S002,T09
S002,T10
S002,T11
S002,T12
S002,T13
S002,T14
S002,T15
S002,T16
S002,T17
S002,T18
S002,T19
S002,T20
S002,T21
S002,T22
S002,T23
S002,T24
S003,T01
S003,T02
S003,T03
S003,T04
S003,T05
S003,T06
S003,T07
S003,T08
S003,T09
S003,T10
S003,T11
S003,T12
S003,T13
S003,T14
S003,T15
S003,T16
S003,T17
S003,T18
S003,T19
S003,T20
S003,T21
S003,T22
S003,T23
S003,T24
S004,T01
S004,T02
S004,T03
S004,T04
S004,T05
S004,T06
S004,T07
S004,T08
S004,T09
S004,T10
S004,T11
S004,T12
S004,T13
S004,T14
S004,T15
S004,T16
S004,T17
S004,T18
S004,T19
S004,T20
S004,T21
S004,T22
S004,T23
S004,T24
S005,T01
S005,T02
S005,T03
S005,T04
S005,T05
S005,T06
S005,T07
S005,T08
S005,T09
S005,T10
S005,T11
S005,T12
S005,T13
S005,T14
S005,T15
S005,T16
S005,T17
S005,T18
S005,T19
S005,T20
S005,T21
S005,T22
S005,T23
S005,T24
S006,T01
S006,T02
S006,T03
S006,T04
S006,T05
S006,T06
S006,T07
S006,T08
S006,T09
S006,T10
S006,T11
S006,T12
S006,T13
S006,T14
S006,T15
S006,T16
S006,T17
S006,T18
S006,T19
S006,T20
S006,T21
S006,T22
S006,T23
S006,T24
S007,T01
S007,T02
S007,T03
S007,T04
S007,T05
S007,T06
S007,T07
S007,T08
S007,T09
S007,T10
S007,T11
S007,T12
S007,T13
S007,T14
S007,T15
S007,T16
S007,T17
S007,T18
S007,T19
S007,T20
S007,T21
S007,T22
S007,T23
S007,T24
S008,T01
S008,T02
S008,T03
S008,T04
S008,T05
S008,T06
S008,T07
S008,T08
S008,T09
S008,T10
S008,T11
S008,T12
S008,T13
S008,T14
S008,T15
S008,T16
S008,T17
S008,T18
S008,T19
S008,T20
S008,T21
S008,T22
S008,T23
S008,T24
S009,T01
S009,T02
S009,T03
S009,T04
S009,T05
S009,T06
S009,T07
S009,T08
S009,T09
S009,T10
S009,T11
S009,T12
S009,T13
S009,T14
S009,T15
S009,T16
S009,T17
S009,T18
S009,T19
S009,T20
S009,T21
S009,T22
S009,T23
S009,T24
S010,T01
S010,T02
S010,T03
S010,T04
S010,T05
S010,T06
S010,T07
S010,T08
S010,T09
S010,T10
S010,T11
S010,T12
S010,T13
S010,T14
S010,T15
S010,T16
S010,T17
S010,T18
S010,T19
S010,T20
S010,T21
S010,T22
S010,T23
S010,T24
S011,T01
S011,T02
S011,T03
S011,T04
S011,T05
S011,T06
S011,T07
S011,T08
S011,T09
S011,T10
S011,T11
S011,T12
S011,T13
S011,T14
S011,T15
S011,T16
S011,T17
S011,T18
S011,T19
S011,T20
S011,T21
S011,T22
S011,T23
S011,T24
S012,T01
S012,T02
S012,T03
S012,T04
S012,T05
S012,T06
S012,T07
S012,T08
S012,T09
S012,T10
S012,T11
S012,T12
S012,T13
S012,T14
S012,T15
S012,T16
S012,T17
S012,T18
S012,T19
S012,T20
S012,T21
S012,T22
S012,T23
S012,T24
S013,T01
S013,T02
S013,T03
S013,T04
S013,T05
S013,T06
S013,T07
S013,T08
S013,T09
S013,T10
S013,T11
S013,T12
S013,T13
S013,T14
S013,T15
S013,T16
S013,T17
S013,T18
S013,T19
S013,T20
S013,T21
S013,T22
S013,T23
S013,T24
S014,T01
S014,T02
S014,T03
S014,T04
S014,T05
S014,T06
S014,T07
S014,T08
S014,T09
S014,T10
S014,T11
S014,T12
S014,T13
S014,T14
S014,T15
S014,T16
S014,T17
S014,T18
S014,T19
S014,T20
S014,T21
S014,T22
S014,T23
S014,T24
S015,T01
S015,T02
S015,T03
S015,T04
S015,T05
S015,T06
S015,T07
S015,T08
S015,T09
S015,T10
S015,T11
S015,T12
S015,T13
S015,T14
S015,T15
S015,T16
S015,T17
S015,T18
S015,T19
S015,T20
S015,T21
S015,T22
S015,T23
S015,T24
S016,T01
S016,T02
S016,T03
S016,T04
S016,T05
S016,T06
S016,T07
S016,T08
S016,T09
S016,T10
S016,T11
S016,T12
S016,T13
S016,T14
S016,T15
S016,T16
S016,T17
S016,T18
S016,T19
S016,T20
S016,T21
S016,T22
S016,T23
S016,T24
S017,T01
S017,T02
S017,T03
S017,T04
S017,T05
S017,T06
S017,T07
S017,T08
S017,T09
S017,T10
S017,T11
S017,T12
S017,T13
S017,T14
S017,T15
S017,T16
S017,T17
S017,T18
S017,T19
S017,T20
S017,T21
S017,T22
S017,T23
S017,T24
S018,T01
S018,T02
S018,T03
S018,T04
S018,T05
S018,T06
S018,T07
S018,T08
S018,T09
S018,T10
S018,T11
S018,T12
S018,T13
S018,T14
S018,T15
S018,T16
S018,T17
S018,T18
S018,T19
S018,T20
S018,T21
S018,T22
S018,T23
S018,T24
S019,T01
S019,T02
S019,T03
S019,T04
S019,T05
S019,T06
S019,T07
S019,T08
S019,T09
S019,T10
S019,T11
S019,T12
S019,T13
S019,T14
S019,T15
S019,T16
S019,T17
S019,T18
S019,T19
S019,T20
S019,T21
S019,T22
S019,T23
S019,T24
S020,T01
S020,T02
S020,T03
S020,T04
S020,T05
S020,T06
S020,T07
S020,T08
S020,T09
S020,T10
S020,T11
S020,T12
S020,T13
S020,T14
S020,T15
S020,T16
S020,T17
S020,T18
S020,T19
S020,T20
S020,T21
S020,T22
S020,T23
S020,T24
S021,T01
S021,T02
S021,T03
S021,T04
S021,T05
S021,T06
S021,T07
S021,T08
S021,T09
S021,T10
S021,T11
S021,T12
S021,T13
S021,T14
S021,T15
S021,T16
S021,T17
S021,T18
S021,T19
S021,T20
S021,T21
S021,T22
S021,T23
S021,T24
S022,T01
S022,T02
S022,T03
S022,T04
S022,T05
S022,T06
S022,T07
S022,T08
S022,T09
S022,T10
S022,T11
S022,T12
S022,T13
S022,T14
S022,T15
S022,T16
S022,T17
S022,T18
S022,T19
S022,T20
S022,T21
S022,T22
S022,T23
S022,T24
S023,T01
S023,T02
S023,T03
S023,T04
S023,T05
S023,T06
S023,T07
S023,T08
S023,T09
S023,T10
S023,T11
S023,T12
S023,T13
S023,T14
S023,T15
S023,T16
S023,T17
S023,T18
S023,T19
S023,T20
S023,T21
S023,T22
S023,T23
S023,T24
S024,T01
S024,T02
S024,T03
S024,T04
S024,T05
S024,T06
S024,T07
S024,T08
S024,T09
S024,T10
S024,T11
S024,T12
S024,T13
S024,T14
S024,T15
S024,T16
S024,T17
S024,T18
S024,T19
S024,T20
S024,T21
S024,T22
S024,T23
S024,T24
S025,T01
S025,T02
S025,T03
S025,T04
S025,T05
S025,T06
S025,T07
S025,T08
S025,T09
S025,T10
S025,T11
S025,T12
S025,T13
S025,T14
S025,T15
S025,T16
S025,T17
S025,T18
S025,T19
S025,T20
S025,T21
S025,T22
S025,T23
S025,T24
S026,T01
S026,T02
S026,T03
S026,T04
S026,T05
S026,T06
S026,T07
S026,T08
S026,T09
S026,T10
S026,T11
S026,T12
S026,T13
S026,T14
S026,T15
S026,T16
S026,T17
S026,T18
S026,T19
S026,T20
S026,T21
S026,T22
S026,T23
S026,T24
S027,T01
S027,T02
S027,T03
S027,T04
S027,T05
S027,T06
S027,T07
S027,T08
S027,T09
S027,T10
S027,T11
S027,T12
S027,T13
S027,T14
S027,T15
S027,T16
S027,T17
S027,T18
S027,T19
S027,T20
S027,T21
S027,T22
S027,T23
S027,T24
S028,T01
S028,T02
S028,T03
S028,T04
S028,T05
S028,T06
S028,T07
S028,T08
S028,T09
S028,T10
S028,T11
S028,T12
S028,T13
S028,T14
S028,T15
S028,T16
S028,T17
S028,T18
S028,T19
S028,T20
S028,T21
S028,T22
S028,T23
S028,T24
S029,T01
S029,T02
S029,T03
S029,T04
S029,T05
S029,T06
S029,T07
S029,T08
S029,T09
S029,T10
S029,T11
S029,T12
S029,T13
S029,T14
S029,T15
S029,T16
S029,T17
S029,T18
S029,T19
S029,T20
S029,T21
S029,T22
S029,T23
S029,T24
S030,T01
S030,T02
S030,T03
S030,T04
S030,T05
S030,T06
S030,T07
S030,T08
S030,T09
S030,T10
S030,T11
S030,T12
S030,T13
S030,T14
S030,T15
S030,T16
S030,T17
S030,T18
S030,T19
S030,T20
S030,T21
S030,T22
S030,T23
S030,T24
S031,T01
S031,T02
S031,T03
S031,T04
S031,T05
S031,T06
S031,T07
S031,T08
S031,T09
S031,T10
S031,T11
S031,T12
S031,T13
S031,T14
S031,T15
S031,T16
S031,T17
S031,T18
S031,T19
S031,T20
S031,T21
S031,T22
S031,T23
S031,T24
S032,T01
S032,T02
S032,T03
S032,T04
S032,T05
S032,T06
S032,T07
S032,T08
S032,T09
S032,T10
S032,T11
S032,T12
S032,T13
S032,T14
S032,T15
S032,T16
S032,T17
S032,T18
S032,T19
S032,T20
S032,T21
S032,T22
S032,T23
S032,T24
S033,T01
S033,T02
S033,T03
S033,T04
S033,T05
S033,T06
S033,T07
S033,T08
S033,T09
S033,T10
S033,T11
S033,T12
S033,T13
S033,T14
S033,T15
S033,T16
S033,T17
S033,T18
S033,T19
S033,T20
S033,T21
S033,T22
S033,T23
S033,T24
S034,T01
S034,T02
S034,T03
S034,T04
S034,T05
S034,T06
S034,T07
S034,T08
S034,T09
S034,T10
S034,T11
S034,T12
S034,T13
S034,T14
S034,T15
S034,T16
S034,T17
S034,T18
S034,T19
S034,T20
S034,T21
S034,T22
S034,T23
S034,T24
S035,T01
S035,T02
S035,T03
S035,T04
S035,T05
S035,T06
S035,T07
S035,T08
S035,T09
S035,T10
S035,T11
S035,T12
S035,T13
S035,T14
S035,T15
S035,T16
S035,T17
S035,T18
S035,T19
S035,T20
S035,T21
S035,T22
S035,T23
S035,T24
S036,T01
S036,T02
S036,T03
S036,T04
S036,T05
S036,T06
S036,T07
S036,T08
S036,T09
S036,T10
S036,T11
S036,T12
S036,T13
S036,T14
S036,T15
S036,T16
S036,T17
S036,T18
S036,T19
S036,T20
S036,T21
S036,T22
S036,T23
S036,T24
S037,T01
S037,T02
S037,T03
S037,T04
S037,T05
S037,T06
S037,T07
S037,T08
S037,T09
S037,T10
S037,T11
S037,T12
S037,T13
S037,T14
S037,T15
S037,T16
S037,T17
S037,T18
S037,T19
S037,T20
S037,T21
S037,T22
S037,T23
S037,T24
S038,T01
S038,T02
S038,T03
S038,T04
S038,T05
S038,T06
S038,T07
S038,T08
S038,T09
S038,T10
S038,T11
S038,T12
S038,T13
S038,T14
S038,T15
S038,T16
S038,T17
S038,T18
S038,T19
S038,T20
S038,T21
S038,T22
S038,T23
S038,T24
S039,T01
S039,T02
S039,T03
S039,T04
S039,T05
S039,T06
S039,T07
S039,T08
S039,T09
S039,T10
S039,T11
S039,T12
S039,T13
S039,T14
S039,T15
S039,T16
S039,T17
S039,T18
S039,T19
S039,T20
S039,T21
S039,T22
S039,T23
S039,T24
S040,T01
S040,T02
S040,T03
S040,T04
S040,T05
S040,T06
S040,T07
S040,T08
S040,T09
S040,T10
S040,T11
S040,T12
S040,T13
S040,T14
S040,T15
S040,T16
S040,T17
S040,T18
S040,T19
S040,T20
S040,T21
S040,T22
S040,T23
S040,T24
S041,T01
S041,T02
S041,T03
S041,T04
S041,T05
S041,T06
S041,T07
S041,T08
S041,T09
S041,T10
S041,T11
S041,T12
S041,T13
S041,T14
S041,T15
S041,T16
S041,T17
S041,T18
S041,T19
S041,T20
S041,T21
S041,T22
S041,T23
S041,T24
S042,T01
S042,T02
S042,T03
S042,T04
S042,T05
S042,T06
S042,T07
S042,T08
S042,T09
S042,T10
S042,T11
S042,T12
S042,T13
S042,T14
S042,T15
S042,T16
S042,T17
S042,T18
S042,T19
S042,T20
S042,T21
S042,T22
S042,T23
S042,T24
S043,T01
S043,T02
S043,T03
S043,T04
S043,T05
S043,T06
S043,T07
S043,T08
S043,T09
S043,T10
S043,T11
S043,T12
S043,T13
S043,T14
S043,T15
S043,T16
S043,T17
S043,T18
S043,T19
S043,T20
S043,T21
S043,T22
S043,T23
S043,T24
S044,T01
S044,T02
S044,T03
S044,T04
S044,T05
S044,T06
S044,T07
S044,T08
S044,T09
S044,T10
S044,T11
S044,T12
S044,T13
S044,T14
S044,T15
S044,T16
S044,T17
S044,T18
S044,T19
S044,T20
S044,T21
S044,T22
S044,T23
S044,T24
S045,T01
S045,T02
S045,T03
S045,T04
S045,T05
S045,T06
S045,T07
S045,T08
S045,T09
S045,T10
S045,T11
S045,T12
S045,T13
S045,T14
S045,T15
S045,T16
S045,T17
S045,T18
S045,T19
S045,T20
S045,T21
S045,T22
S045,T23
S045,T24
S046,T01
S046,T02
S046,T03
S046,T04
S046,T05
S046,T06
S046,T07
S046,T08
S046,T09
S046,T10
S046,T11
S046,T12
S046,T13
S046,T14
S046,T15
S046,T16
S046,T17
S046,T18
S046,T19
S046,T20
S046,T21
S046,T22
S046,T23
S046,T24
S047,T01
S047,T02
S047,T03
S047,T04
S047,T05
S047,T06
S047,T07
S047,T08
S047,T09
S047,T10
S047,T11
S047,T12
S047,T13
S047,T14
S047,T15
S047,T16
S047,T17
S047,T18
S047,T19
S047,T20
S047,T21
S047,T22
S047,T23
S047,T24
S048,T01
S048,T02
S048,T03
S048,T04
S048,T05
S048,T06
S048,T07
S048,T08
S048,T09
S048,T10
S048,T11
S048,T12
S048,T13
S048,T14
S048,T15
S048,T16
S048,T17
S048,T18
S048,T19
S048,T20
S048,T21
S048,T22
S048,T23
S048,T24
S049,T01
S049,T02
S049,T03
S049,T04
S049,T05
S049,T06
S049,T07
S049,T08
S049,T09
S049,T10
S049,T11
S049,T12
S049,T13
S049,T14
S049,T15
S049,T16
S049,T17
S049,T18
S049,T19
S049,T20
S049,T21
S049,T22
S049,T23
S049,T24
S050,T01
S050,T02
S050,T03
S050,T04
S050,T05
S050,T06
S050,T07
S050,T08
S050,T09
S050,T10
S050,T11
S050,T12
S050,T13
S050,T14
S050,T15
S050,T16
S050,T17
S050,T18
S050,T19
S050,T20
S050,T21
S050,T22
S050,T23
S050,T24
S051,T01
S051,T02
S051,T03
S051,T04
S051,T05
S051,T06
S051,T07
S051,T08
S051,T09
S051,T10
S051,T11
S051,T12
S051,T13
S051,T14
S051,T15
S051,T16
S051,T17
S051,T18
S051,T19
S051,T20
S051,T21
S051,T22
S051,T23
S051,T24
S052,T01
S052,T02
S052,T03
S052,T04
S052,T05
S052,T06
S052,T07
S052,T08
S052,T09
S052,T10
S052,T11
S052,T12
S052,T13
S052,T14
S052,T15
S052,T16
S052,T17
S052,T18
S052,T19
S052,T20
S052,T21
S052,T22
S052,T23
S052,T24
S053,T01
S053,T02
S053,T03
S053,T04
S053,T05
S053,T06
S053,T07
S053,T08
S053,T09
S053,T10
S053,T11
S053,T12
S053,T13
S053,T14
S053,T15
S053,T16
S053,T17
S053,T18
S053,T19
S053,T20
S053,T21
S053,T22
S053,T23
S053,T24
S054,T01
S054,T02
S054,T03
S054,T04
S054,T05
S054,T06
S054,T07
S054,T08
S054,T09
S054,T10
S054,T11
S054,T12
S054,T13
S054,T14
S054,T15
S054,T16
S054,T17
S054,T18
S054,T19
S054,T20
S054,T21
S054,T22
S054,T23
S054,T24
S055,T01
S055,T02
S055,T03
S055,T04
S055,T05
S055,T06
S055,T07
S055,T08
S055,T09
S055,T10
S055,T11
S055,T12
S055,T13
S055,T14
S055,T15
S055,T16
S055,T17
S055,T18
S055,T19
S055,T20
S055,T21
S055,T22
S055,T23
S055,T24
S056,T01
S056,T02
S056,T03
S056,T04
S056,T05
S056,T06
S056,T07
S056,T08
S056,T09
S056,T10
S056,T11
S056,T12
S056,T13
S056,T14
S056,T15
S056,T16
S056,T17
S056,T18
S056,T19
S056,T20
S056,T21
S056,T22
S056,T23
S056,T24
S057,T01
S057,T02
S057,T03
S057,T04
S057,T05
S057,T06
S057,T07
S057,T08
S057,T09
S057,T10
S057,T11
S057,T12
S057,T13
S057,T14
S057,T15
S057,T16
S057,T17
S057,T18
S057,T19
S057,T20
S057,T21
S057,T22
S057,T23
S057,T24
S058,T01
S058,T02
S058,T03
S058,T04
S058,T05
S058,T06
S058,T07
S058,T08
S058,T09
S058,T10
S058,T11
S058,T12
S058,T13
S058,T14
S058,T15
S058,T16
S058,T17
S058,T18
S058,T19
S058,T20
S058,T21
S058,T22
S058,T23
S058,T24
S059,T01
S059,T02
S059,T03
S059,T04
S059,T05
S059,T06
S059,T07
S059,T08
S059,T09
S059,T10
S059,T11
S059,T12
S059,T13
S059,T14
S059,T15
S059,T16
S059,T17
S059,T18
S059,T19
S059,T20
S059,T21
S059,T22
S059,T23
S059,T24
S060,T01
S060,T02
S060,T03
S060,T04
S060,T05
S060,T06
S060,T07
S060,T08
S060,T09
S060,T10
S060,T11
S060,T12
S060,T13
S060,T14
S060,T15
S060,T16
S060,T17
S060,T18
S060,T19
S060,T20
S060,T21
S060,T22
S060,T23
S060,T24
S061,T01
S061,T02
S061,T03
S061,T04
S061,T05
S061,T06
S061,T07
S061,T08
S061,T09
S061,T10
S061,T11
S061,T12
S061,T13
S061,T14
S061,T15
S061,T16
S061,T17
S061,T18
S061,T19
S061,T20
S061,T21
S061,T22
S061,T23
S061,T24
S062,T01
S062,T02
S062,T03
S062,T04
S062,T05
S062,T06
S062,T07
S062,T08
S062,T09
S062,T10
S062,T11
S062,T12
S062,T13
S062,T14
S062,T15
S062,T16
S062,T17
S062,T18
S062,T19
S062,T20
S062,T21
S062,T22
S062,T23
S062,T24
S063,T01
S063,T02
S063,T03
S063,T04
S063,T05
S063,T06
S063,T07
S063,T08
S063,T09
S063,T10
S063,T11
S063,T12
S063,T13
S063,T14
S063,T15
S063,T16
S063,T17
S063,T18
S063,T19
S063,T20
S063,T21
S063,T22
S063,T23
S063,T24
S064,T01
S064,T02
S064,T03
S064,T04
S064,T05
S064,T06
S064,T07
S064,T08
S064,T09
S064,T10
S064,T11
S064,T12
S064,T13
S064,T14
S064,T15
S064,T16
S064,T17
S064,T18
S064,T19
S064,T20
S064,T21
S064,T22
S064,T23
S064,T24
S065,T01
S065,T02
S065,T03
S065,T04
S065,T05
S065,T06
S065,T07
S065,T08
S065,T09
S065,T10
S065,T11
S065,T12
S065,T13
S065,T14
S065,T15
S065,T16
S065,T17
S065,T18
S065,T19
S065,T20
S065,T21
S065,T22
S065,T23
S065,T24
S066,T01
S066,T02
S066,T03
S066,T04
S066,T05
S066,T06
S066,T07
S066,T08
S066,T09
S066,T10
S066,T11
S066,T12
S066,T13
S066,T14
S066,T15
S066,T16
S066,T17
S066,T18
S066,T19
S066,T20
S066,T21
S066,T22
S066,T23
S066,T24
S067,T01
S067,T02
S067,T03
S067,T04
S067,T05
S067,T06
S067,T07
S067,T08
S067,T09
S067,T10
S067,T11
S067,T12
S067,T13
S067,T14
S067,T15
S067,T16
S067,T17
S067,T18
S067,T19
S067,T20
S067,T21
S067,T22
S067,T23
S067,T24
S068,T01
S068,T02
S068,T03
S068,T04
S068,T05
S068,T06
S068,T07
S068,T08
S068,T09
S068,T10
S068,T11
S068,T12
S068,T13
S068,T14
S068,T15
S068,T16
S068,T17
S068,T18
S068,T19
S068,T20
S068,T21
S068,T22
S068,T23
S068,T24
S069,T01
S069,T02
S069,T03
S069,T04
S069,T05
S069,T06
S069,T07
S069,T08
S069,T09
S069,T10
S069,T11
S069,T12
S069,T13
S069,T14
S069,T15
S069,T16
S069,T17
S069,T18
S069,T19
S069,T20
S069,T21
S069,T22
S069,T23
S069,T24
S070,T01
S070,T02
S070,T03
S070,T04
S070,T05
S070,T06
S070,T07
S070,T08
S070,T09
S070,T10
S070,T11
S070,T12
S070,T13
S070,T14
S070,T15
S070,T16
S070,T17
S070,T18
S070,T19
S070,T20
S070,T21
S070,T22
S070,T23
S070,T24
S071,T01
S071,T02
S071,T03
S071,T04
S071,T05
S071,T06
S071,T07
S071,T08
S071,T09
S071,T10
S071,T11
S071,T12
S071,T13
S071,T14
S071,T15
S071,T16
S071,T17
S071,T18
S071,T19
S071,T20
S071,T21
S071,T22
S071,T23
S071,T24
S072,T01
S072,T02
S072,T03
S072,T04
S072,T05
S072,T06
S072,T07
S072,T08
S072,T09
S072,T10
S072,T11
S072,T12
S072,T13
S072,T14
S072,T15
S072,T16
S072,T17
S072,T18
S072,T19
S072,T20
S072,T21
S072,T22
S072,T23
S072,T24
S073,T01
S073,T02
S073,T03
S073,T04
S073,T05
S073,T06
S073,T07
S073,T08
S073,T09
S073,T10
S073,T11
S073,T12
S073,T13
S073,T14
S073,T15
S073,T16
S073,T17
S073,T18
S073,T19
S073,T20
S073,T21
S073,T22
S073,T23
S073,T24
S074,T01
S074,T02
S074,T03
S074,T04
S074,T05
S074,T06
S074,T07
S074,T08
S074,T09
S074,T10
S074,T11
S074,T12
S074,T13
S074,T14
S074,T15
S074,T16
S074,T17
S074,T18
S074,T19
S074,T20
S074,T21
S074,T22
S074,T23
S074,T24
S075,T01
S075,T02
S075,T03
S075,T04
S075,T05
S075,T06
S075,T07
S075,T08
S075,T09
S075,T10
S075,T11
S075,T12
S075,T13
S075,T14
S075,T15
S075,T16
S075,T17
S075,T18
S075,T19
S075,T20
S075,T21
S075,T22
S075,T23
S075,T24
S076,T01
S076,T02
S076,T03
S076,T04
S076,T05
S076,T06
S076,T07
S076,T08
S076,T09
S076,T10
S076,T11
S076,T12
S076,T13
S076,T14
S076,T15
S076,T16
S076,T17
S076,T18
S076,T19
S076,T20
S076,T21
S076,T22
S076,T23
S076,T24
S077,T01
S077,T02
S077,T03
S077,T04
S077,T05
S077,T06
S077,T07
S077,T08
S077,T09
S077,T10
S077,T11
S077,T12
S077,T13
S077,T14
S077,T15
S077,T16
S077,T17
S077,T18
S077,T19
S077,T20
S077,T21
S077,T22
S077,T23
S077,T24
S078,T01
S078,T02
S078,T03
S078,T04
S078,T05
S078,T06
S078,T07
S078,T08
S078,T09
S078,T10
S078,T11
S078,T12
S078,T13
S078,T14
S078,T15
S078,T16
S078,T17
S078,T18
S078,T19
S078,T20
S078,T21
S078,T22
S078,T23
S078,T24
S079,T01
S079,T02
S079,T03
S079,T04
S079,T05
S079,T06
S079,T07
S079,T08
S079,T09
S079,T10
S079,T11
S079,T12
S079,T13
S079,T14
S079,T15
S079,T16
S079,T17
S079,T18
S079,T19
S079,T20
S079,T21
S079,T22
S079,T23
S079,T24
S080,T01
S080,T02
S080,T03
S080,T04
S080,T05
S080,T06
S080,T07
S080,T08
S080,T09
S080,T10
S080,T11
S080,T12
S080,T13
S080,T14
S080,T15
S080,T16
S080,T17
S080,T18
S080,T19
S080,T20
S080,T21
S080,T22
S080,T23
S080,T24
S081,T01
S081,T02
S081,T03
S081,T04
S081,T05
S081,T06
S081,T07
S081,T08
S081,T09
S081,T10
S081,T11
S081,T12
S081,T13
S081,T14
S081,T15
S081,T16
S081,T17
S081,T18
S081,T19
S081,T20
S081,T21
S081,T22
S081,T23
S081,T24
S082,T01
S082,T02
S082,T03
S082,T04
S082,T05
S082,T06
S082,T07
S082,T08
S082,T09
S082,T10
S082,T11
S082,T12
S082,T13
S082,T14
S082,T15
S082,T16
S082,T17
S082,T18
S082,T19
S082,T20
S082,T21
S082,T22
S082,T23
S082,T24
S083,T01
S083,T02
S083,T03
S083,T04
S083,T05
S083,T06
S083,T07
S083,T08
S083,T09
S083,T10
S083,T11
S083,T12
S083,T13
S083,T14
S083,T15
S083,T16
S083,T17
S083,T18
S083,T19
S083,T20
S083,T21
S083,T22
S083,T23
S083,T24
S084,T01
S084,T02
S084,T03
S084,T04
S084,T05
S084,T06
S084,T07
S084,T08
S084,T09
S084,T10
S084,T11
S084,T12
S084,T13
S084,T14
S084,T15
S084,T16
S084,T17
S084,T18
S084,T19
S084,T20
S084,T21
S084,T22
S084,T23
S084,T24
S085,T01
S085,T02
S085,T03
S085,T04
S085,T05
S085,T06
S085,T07
S085,T08
S085,T09
S085,T10
S085,T11
S085,T12
S085,T13
S085,T14
S085,T15
S085,T16
S085,T17
S085,T18
S085,T19
S085,T20
S085,T21
S085,T22
S085,T23
S085,T24
S086,T01
S086,T02
S086,T03
S086,T04
S086,T05
S086,T06
S086,T07
S086,T08
S086,T09
S086,T10
S086,T11
S086,T12
S086,T13
S086,T14
S086,T15
S086,T16
S086,T17
S086,T18
S086,T19
S086,T20
S086,T21
S086,T22
S086,T23
S086,T24
S087,T01
S087,T02
S087,T03
S087,T04
S087,T05
S087,T06
S087,T07
S087,T08
S087,T09
S087,T10
S087,T11
S087,T12
S087,T13
S087,T14
S087,T15
S087,T16
S087,T17
S087,T18
S087,T19
S087,T20
S087,T21
S087,T22
S087,T23
S087,T24
S088,T01
S088,T02
S088,T03
S088,T04
S088,T05
S088,T06
S088,T07
S088,T08
S088,T09
S088,T10
S088,T11
S088,T12
S088,T13
S088,T14
S088,T15
S088,T16
S088,T17
S088,T18
S088,T19
S088,T20
S088,T21
S088,T22
S088,T23
S088,T24
S089,T01
S089,T02
S089,T03
S089,T04
S089,T05
S089,T06
S089,T07
S089,T08
S089,T09
S089,T10
S089,T11
S089,T12
S089,T13
S089,T14
S089,T15
S089,T16
S089,T17
S089,T18
S089,T19
S089,T20
S089,T21
S089,T22
S089,T23
S089,T24
S090,T01
S090,T02
S090,T03
S090,T04
S090,T05
S090,T06
S090,T07
S090,T08
S090,T09
S090,T10
S090,T11
S090,T12
S090,T13
S090,T14
S090,T15
S090,T16
S090,T17
S090,T18
S090,T19
S090,T20
S090,T21
S090,T22
S090,T23
S090,T24
S091,T01
S091,T02
S091,T03
S091,T04
S091,T05
S091,T06
S091,T07
S091,T08
S091,T09
S091,T10
S091,T11
S091,T12
S091,T13
S091,T14
S091,T15
S091,T16
S091,T17
S091,T18
S091,T19
S091,T20
S091,T21
S091,T22
S091,T23
S091,T24
S092,T01
S092,T02
S092,T03
S092,T04
S092,T05
S092,T06
S092,T07
S092,T08
S092,T09
S092,T10
S092,T11
S092,T12
S092,T13
S092,T14
S092,T15
S092,T16
S092,T17
S092,T18
S092,T19
S092,T20
S092,T21
S092,T22
S092,T23
S092,T24
S093,T01
S093,T02
S093,T03
S093,T04
S093,T05
S093,T06
S093,T07
S093,T08
S093,T09
S093,T10
S093,T11
S093,T12
S093,T13
S093,T14
S093,T15
S093,T16
S093,T17
S093,T18
S093,T19
S093,T20
S093,T21
S093,T22
S093,T23
S093,T24
S094,T01
S094,T02
S094,T03
S094,T04
S094,T05
S094,T06
S094,T07
S094,T08
S094,T09
S094,T10
S094,T11
S094,T12
S094,T13
S094,T14
S094,T15
S094,T16
S094,T17
S094,T18
S094,T19
S094,T20
S094,T21
S094,T22
S094,T23
S094,T24
S095,T01
S095,T02
S095,T03
S095,T04
S095,T05
S095,T06
S095,T07
S095,T08
S095,T09
S095,T10
S095,T11
S095,T12
S095,T13
S095,T14
S095,T15
S095,T16
S095,T17
S095,T18
S095,T19
S095,T20
S095,T21
S095,T22
S095,T23
S095,T24
S096,T01
S096,T02
S096,T03
S096,T04
S096,T05
S096,T06
S096,T07
S096,T08
S096,T09
S096,T10
S096,T11
S096,T12
S096,T13
S096,T14
S096,T15
S096,T16
S096,T17
S096,T18
S096,T19
S096,T20
S096,T21
S096,T22
S096,T23
S096,T24
S097,T01
S097,T02
S097,T03
S097,T04
S097,T05
S097,T06
S097,T07
S097,T08
S097,T09
S097,T10
S097,T11
S097,T12
S097,T13
S097,T14
S097,T15
S097,T16
S097,T17
S097,T18
S097,T19
S097,T20
S097,T21
S097,T22
S097,T23
S097,T24
S098,T01
S098,T02
S098,T03
S098,T04
S098,T05
S098,T06
S098,T07
S098,T08
S098,T09
S098,T10
S098,T11
S098,T12
S098,T13
S098,T14
S098,T15
S098,T16
S098,T17
S098,T18
S098,T19
S098,T20
S098,T21
S098,T22
S098,T23
S098,T24
S099,T01
S099,T02
S099,T03
S099,T04
S099,T05
S099,T06
S099,T07
S099,T08
S099,T09
S099,T10
S099,T11
S099,T12
S099,T13
S099,T14
S099,T15
S099,T16
S099,T17
S099,T18
S099,T19
S099,T20
S099,T21
S099,T22
S099,T23
S099,T24
S100,T01
S100,T02
S100,T03
S100,T04
S100,T05
S100,T06
S100,T07
S100,T08
S100,T09
S100,T10
S100,T11
S100,T12
S100,T13
S100,T14
S100,T15
S100,T16
S100,T17
S100,T18
S100,T19
S100,T20
S100,T21
S100,T22
S100,T23
S100,T24
S101,T01
S101,T02
S101,T03
S101,T04
S101,T05
S101,T06
S101,T07
S101,T08
S101,T09
S101,T10
S101,T11
S101,T12
S101,T13
S101,T14
S101,T15
S101,T16
S101,T17
S101,T18
S101,T19
S101,T20
S101,T21
S101,T22
S101,T23
S101,T24
S102,T01
S102,T02
S102,T03
S102,T04
S102,T05
S102,T06
S102,T07
S102,T08
S102,T09
S102,T10
S102,T11
S102,T12
S102,T13
S102,T14
S102,T15
S102,T16
S102,T17
S102,T18
S102,T19
S102,T20
S102,T21
S102,T22
S102,T23
S102,T24
S103,T01
S103,T02
S103,T03
S103,T04
S103,T05
S103,T06
S103,T07
S103,T08
S103,T09
S103,T10
S103,T11
S103,T12
S103,T13
S103,T14
S103,T15
S103,T16
S103,T17
S103,T18
S103,T19
S103,T20
S103,T21
S103,T22
S103,T23
S103,T24
S104,T01
S104,T02
S104,T03
S104,T04
S104,T05
S104,T06
S104,T07
S104,T08
S104,T09
S104,T10
S104,T11
S104,T12
S104,T13
S104,T14
S104,T15
S104,T16
S104,T17
S104,T18
S104,T19
S104,T20
S104,T21
S104,T22
S104,T23
S104,T24
S105,T01
S105,T02
S105,T03
S105,T04
S105,T05
S105,T06
S105,T07
S105,T08
S105,T09
S105,T10
S105,T11
S105,T12
S105,T13
S105,T14
S105,T15
S105,T16
S105,T17
S105,T18
S105,T19
S105,T20
S105,T21
S105,T22
S105,T23
S105,T24
S106,T01
S106,T02
S106,T03
S106,T04
S106,T05
S106,T06
S106,T07
S106,T08
S106,T09
S106,T10
S106,T11
S106,T12
S106,T13
S106,T14
S106,T15
S106,T16
S106,T17
S106,T18
S106,T19
S106,T20
S106,T21
S106,T22
S106,T23
S106,T24
S107,T01
S107,T02
S107,T03
S107,T04
S107,T05
S107,T06
S107,T07
S107,T08
S107,T09
S107,T10
S107,T11
S107,T12
S107,T13
S107,T14
S107,T15
S107,T16
S107,T17
S107,T18
S107,T19
S107,T20
S107,T21
S107,T22
S107,T23
S107,T24
S108,T01
S108,T02
S108,T03
S108,T04
S108,T05
S108,T06
S108,T07
S108,T08
S108,T09
S108,T10
S108,T11
S108,T12
S108,T13
S108,T14
S108,T15
S108,T16
S108,T17
S108,T18
S108,T19
S108,T20
S108,T21
S108,T22
S108,T23
S108,T24
S109,T01
S109,T02
S109,T03
S109,T04
S109,T05
S109,T06
S109,T07
S109,T08
S109,T09
S109,T10
S109,T11
S109,T12
S109,T13
S109,T14
S109,T15
S109,T16
S109,T17
S109,T18
S109,T19
S109,T20
S109,T21
S109,T22
S109,T23
S109,T24
S110,T01
S110,T02
S110,T03
S110,T04
S110,T05
S110,T06
S110,T07
S110,T08
S110,T09
S110,T10
S110,T11
S110,T12
S110,T13
S110,T14
S110,T15
S110,T16
S110,T17
S110,T18
S110,T19
S110,T20
S110,T21
S110,T22
S110,T23
S110,T24
S111,T01
S111,T02
S111,T03
S111,T04
S111,T05
S111,T06
S111,T07
S111,T08
S111,T09
S111,T10
S111,T11
S111,T12
S111,T13
S111,T14
S111,T15
S111,T16
S111,T17
S111,T18
S111,T19
S111,T20
S111,T21
S111,T22
S111,T23
S111,T24
S112,T01
S112,T02
S112,T03
S112,T04
S112,T05
S112,T06
S112,T07
S112,T08
S112,T09
S112,T10
S112,T11
S112,T12
S112,T13
S112,T14
S112,T15
S112,T16
S112,T17
S112,T18
S112,T19
S112,T20
S112,T21
S112,T22
S112,T23
S112,T24
S113,T01
S113,T02
S113,T03
S113,T04
S113,T05
S113,T06
S113,T07
S113,T08
S113,T09
S113,T10
S113,T11
S113,T12
S113,T13
S113,T14
S113,T15
S113,T16
S113,T17
S113,T18
S113,T19
S113,T20
S113,T21
S113,T22
S113,T23
S113,T24
S114,T01
S114,T02
S114,T03
S114,T04
S114,T05
S114,T06
S114,T07
S114,T08
S114,T09
S114,T10
S114,T11
S114,T12
S114,T13
S114,T14
S114,T15
S114,T16
S114,T17
S114,T18
S114,T19
S114,T20
S114,T21
S114,T22
S114,T23
S114,T24
S115,T01
S115,T02
S115,T03
S115,T04
S115,T05
S115,T06
S115,T07
S115,T08
S115,T09
S115,T10
S115,T11
S115,T12
S115,T13
S115,T14
S115,T15
S115,T16
S115,T17
S115,T18
S115,T19
S115,T20
S115,T21
S115,T22
S115,T23
S115,T24
S116,T01
S116,T02
S116,T03
S116,T04
S116,T05
S116,T06
S116,T07
S116,T08
S116,T09
S116,T10
S116,T11
S116,T12
S116,T13
S116,T14
S116,T15
S116,T16
S116,T17
S116,T18
S116,T19
S116,T20
S116,T21
S116,T22
S116,T23
S116,T24
S117,T01
S117,T02
S117,T03
S117,T04
S117,T05
S117,T06
S117,T07
S117,T08
S117,T09
S117,T10
S117,T11
S117,T12
S117,T13
S117,T14
S117,T15
S117,T16
S117,T17
S117,T18
S117,T19
S117,T20
S117,T21
S117,T22
S117,T23
S117,T24
S118,T01
S118,T02
S118,T03
S118,T04
S118,T05
S118,T06
S118,T07
S118,T08
S118,T09
S118,T10
S118,T11
S118,T12
S118,T13
S118,T14
S118,T15
S118,T16
S118,T17
S118,T18
S118,T19
S118,T20
S118,T21
S118,T22
S118,T23
S118,T24
S119,T01
S119,T02
S119,T03
S119,T04
S119,T05
S119,T06
S119,T07
S119,T08
S119,T09
S119,T10
S119,T11
S119,T12
S119,T13
S119,T14
S119,T15
S119,T16
S119,T17
S119,T18
S119,T19
S119,T20
S119,T21
S119,T22
S119,T23
S119,T24
S120,T01
S120,T02
S120,T03
S120,T04
S120,T05
S120,T06
S120,T07
S120,T08
S120,T09
S120,T10
S120,T11
S120,T12
S120,T13
S120,T14
S120,T15
S120,T16
S120,T17
S120,T18
S120,T19
S120,T20
S120,T21
S120,T22
S120,T23
S120,T24
S121,T01
S121,T02
S121,T03
S121,T04
S121,T05
S121,T06
S121,T07
S121,T08
S121,T09
S121,T10
S121,T11
S121,T12
S121,T13
S121,T14
S121,T15
S121,T16
S121,T17
S121,T18
S121,T19
S121,T20
S121,T21
S121,T22
S121,T23
S121,T24
S122,T01
S122,T02
S122,T03
S122,T04
S122,T05
S122,T06
S122,T07
S122,T08
S122,T09
S122,T10
S122,T11
S122,T12
S122,T13
S122,T14
S122,T15
S122,T16
S122,T17
S122,T18
S122,T19
S122,T20
S122,T21
S122,T22
S122,T23
S122,T24
S123,T01
S123,T02
S123,T03
S123,T04
S123,T05
S123,T06
S123,T07
S123,T08
S123,T09
S123,T10
S123,T11
S123,T12
S123,T13
S123,T14
S123,T15
S123,T16
S123,T17
S123,T18
S123,T19
S123,T20
S123,T21
S123,T22
S123,T23
S123,T24
S124,T01
S124,T02
S124,T03
S124,T04
S124,T05
S124,T06
S124,T07
S124,T08
S124,T09
S124,T10
S124,T11
S124,T12
S124,T13
S124,T14
S124,T15
S124,T16
S124,T17
S124,T18
S124,T19
S124,T20
S124,T21
S124,T22
S124,T23
S124,T24
S125,T01
S125,T02
S125,T03
S125,T04
S125,T05
S125,T06
S125,T07
S125,T08
S125,T09
S125,T10
S125,T11
S125,T12
S125,T13
S125,T14
S125,T15
S125,T16
S125,T17
S125,T18
S125,T19
S125,T20
S125,T21
S125,T22
S125,T23
S125,T24
S126,T01
S126,T02
S126,T03
S126,T04
S126,T05
S126,T06
S126,T07
S126,T08
S126,T09
S126,T10
S126,T11
S126,T12
S126,T13
S126,T14
S126,T15
S126,T16
S126,T17
S126,T18
S126,T19
S126,T20
S126,T21
S126,T22
S126,T23
S126,T24
S127,T01
S127,T02
S127,T03
S127,T04
S127,T05
S127,T06
S127,T07
S127,T08
S127,T09
S127,T10
S127,T11
S127,T12
S127,T13
S127,T14
S127,T15
S127,T16
S127,T17
S127,T18
S127,T19
S127,T20
S127,T21
S127,T22
S127,T23
S127,T24
S128,T01
S128,T02
S128,T03
S128,T04
S128,T05
S128,T06
S128,T07
S128,T08
S128,T09
S128,T10
S128,T11
S128,T12
S128,T13
S128,T14
S128,T15
S128,T16
S128,T17
S128,T18
S128,T19
S128,T20
S128,T21
S128,T22
S128,T23
S128,T24
S129,T01
S129,T02
S129,T03
S129,T04
S129,T05
S129,T06
S129,T07
S129,T08
S129,T09
S129,T10
S129,T11
S129,T12
S129,T13
S129,T14
S129,T15
S129,T16
S129,T17
S129,T18
S129,T19
S129,T20
S129,T21
S129,T22
S129,T23
S129,T24
S130,T01
S130,T02
S130,T03
S130,T04
S130,T05
S130,T06
S130,T07
S130,T08
S130,T09
S130,T10
S130,T11
S130,T12
S130,T13
S130,T14
S130,T15
S130,T16
S130,T17
S130,T18
S130,T19
S130,T20
S130,T21
S130,T22
S130,T23
S130,T24
S131,T01
S131,T02
S131,T03
S131,T04
S131,T05
S131,T06
S131,T07
S131,T08
S131,T09
S131,T10
S131,T11
S131,T12
S131,T13
S131,T14
S131,T15
S131,T16
S131,T17
S131,T18
S131,T19
S131,T20
S131,T21
S131,T22
S131,T23
S131,T24
S132,T01
S132,T02
S132,T03
S132,T04
S132,T05
S132,T06
S132,T07
S132,T08
S132,T09
S132,T10
S132,T11
S132,T12
S132,T13
S132,T14
S132,T15
S132,T16
S132,T17
S132,T18
S132,T19
S132,T20
S132,T21
S132,T22
S132,T23
S132,T24
S133,T01
S133,T02
S133,T03
S133,T04
S133,T05
S133,T06
S133,T07
S133,T08
S133,T09
S133,T10
S133,T11
S133,T12
S133,T13
S133,T14
S133,T15
S133,T16
S133,T17
S133,T18
S133,T19
S133,T20
S133,T21
S133,T22
S133,T23
S133,T24
S134,T01
S134,T02
S134,T03
S134,T04
S134,T05
S134,T06
S134,T07
S134,T08
S134,T09
S134,T10
S134,T11
S134,T12
S134,T13
S134,T14
S134,T15
S134,T16
S134,T17
S134,T18
S134,T19
S134,T20
S134,T21
S134,T22
S134,T23
S134,T24
S135,T01
S135,T02
S135,T03
S135,T04
S135,T05
S135,T06
S135,T07
S135,T08
S135,T09
S135,T10
S135,T11
S135,T12
S135,T13
S135,T14
S135,T15
S135,T16
S135,T17
S135,T18
S135,T19
S135,T20
S135,T21
S135,T22
S135,T23
S135,T24
S136,T01
S136,T02
S136,T03
S136,T04
S136,T05
S136,T06
S136,T07
S136,T08
S136,T09
S136,T10
S136,T11
S136,T12
S136,T13
S136,T14
S136,T15
S136,T16
S136,T17
S136,T18
S136,T19
S136,T20
S136,T21
S136,T22
S136,T23
S136,T24
S137,T01
S137,T02
S137,T03
S137,T04
S137,T05
S137,T06
S137,T07
S137,T08
S137,T09
S137,T10
S137,T11
S137,T12
S137,T13
S137,T14
S137,T15
S137,T16
S137,T17
S137,T18
S137,T19
S137,T20
S137,T21
S137,T22
S137,T23
S137,T24
S138,T01
S138,T02
S138,T03
S138,T04
S138,T05
S138,T06
S138,T07
S138,T08
S138,T09
S138,T10
S138,T11
S138,T12
S138,T13
S138,T14
S138,T15
S138,T16
S138,T17
S138,T18
S138,T19
S138,T20
S138,T21
S138,T22
S138,T23
S138,T24
S139,T01
S139,T02
S139,T03
S139,T04
S139,T05
S139,T06
S139,T07
S139,T08
S139,T09
S139,T10
S139,T11
S139,T12
S139,T13
S139,T14
S139,T15
S139,T16
S139,T17
S139,T18
S139,T19
S139,T20
S139,T21
S139,T22
S139,T23
S139,T24
S140,T01
S140,T02
S140,T03
S140,T04
S140,T05
S140,T06
S140,T07
S140,T08
S140,T09
S140,T10
S140,T11
S140,T12
S140,T13
S140,T14
S140,T15
S140,T16
S140,T17
S140,T18
S140,T19
S140,T20
S140,T21
S140,T22
S140,T23
S140,T24
S141,T01
S141,T02
S141,T03
S141,T04
S141,T05
S141,T06
S141,T07
S141,T08
S141,T09
S141,T10
S141,T11
S141,T12
S141,T13
S141,T14
S141,T15
S141,T16
S141,T17
S141,T18
S141,T19
S141,T20
S141,T21
S141,T22
S141,T23
S141,T24
S142,T01
S142,T02
S142,T03
S142,T04
S142,T05
S142,T06
S142,T07
S142,T08
S142,T09
S142,T10
S142,T11
S142,T12
S142,T13
S142,T14
S142,T15
S142,T16
S142,T17
S142,T18
S142,T19
S142,T20
S142,T21
S142,T22
S142,T23
S142,T24
S143,T01
S143,T02
S143,T03
S143,T04
S143,T05
S143,T06
S143,T07
S143,T08
S143,T09
S143,T10
S143,T11
S143,T12
S143,T13
S143,T14
S143,T15
S143,T16
S143,T17
S143,T18
S143,T19
S143,T20
S143,T21
S143,T22
S143,T23
S143,T24
S144,T01
S144,T02
S144,T03
S144,T04
S144,T05
S144,T06
S144,T07
S144,T08
S144,T09
S144,T10
S144,T11
S144,T12
S144,T13
S144,T14
S144,T15
S144,T16
S144,T17
S144,T18
S144,T19
S144,T20
S144,T21
S144,T22
S144,T23
S144,T24
S145,T01
S145,T02
S145,T03
S145,T04
S145,T05
S145,T06
S145,T07
S145,T08
S145,T09
S145,T10
S145,T11
S145,T12
S145,T13
S145,T14
S145,T15
S145,T16
S145,T17
S145,T18
S145,T19
S145,T20
S145,T21
S145,T22
S145,T23
S145,T24
S146,T01
S146,T02
S146,T03
S146,T04
S146,T05
S146,T06
S146,T07
S146,T08
S146,T09
S146,T10
S146,T11
S146,T12
S146,T13
S146,T14
S146,T15
S146,T16
S146,T17
S146,T18
S146,T19
S146,T20
S146,T21
S146,T22
S146,T23
S146,T24
S147,T01
S147,T02
S147,T03
S147,T04
S147,T05
S147,T06
S147,T07
S147,T08
S147,T09
S147,T10
S147,T11
S147,T12
S147,T13
S147,T14
S147,T15
S147,T16
S147,T17
S147,T18
S147,T19
S147,T20
S147,T21
S147,T22
S147,T23
S147,T24
S148,T01
S148,T02
S148,T03
S148,T04
S148,T05
S148,T06
S148,T07
S148,T08
S148,T09
S148,T10
S148,T11
S148,T12
S148,T13
S148,T14
S148,T15
S148,T16
S148,T17
S148,T18
S148,T19
S148,T20
S148,T21
S148,T22
S148,T23
S148,T24
S149,T01
S149,T02
S149,T03
S149,T04
S149,T05
S149,T06
S149,T07
S149,T08
S149,T09
S149,T10
S149,T11
S149,T12
S149,T13
S149,T14
S149,T15
S149,T16
S149,T17
S149,T18
S149,T19
S149,T20
S149,T21
S149,T22
S149,T23
S149,T24
S150,T01
S150,T02
S150,T03
S150,T04
S150,T05
S150,T06
S150,T07
S150,T08
S150,T09
S150,T10
S150,T11
S150,T12
S150,T13
S150,T14
S150,T15
S150,T16
S150,T17
S150,T18
S150,T19
S150,T20
S150,T21
S150,T22
S150,T23
S150,T24
S151,T01
S151,T02
S151,T03
S151,T04
S151,T05
S151,T06
S151,T07
S151,T08
S151,T09
S151,T10
S151,T11
S151,T12
S151,T13
S151,T14
S151,T15
S151,T16
S151,T17
S151,T18
S151,T19
S151,T20
S151,T21
S151,T22
S151,T23
S151,T24
S152,T01
S152,T02
S152,T03
S152,T04
S152,T05
S152,T06
S152,T07
S152,T08
S152,T09
S152,T10
S152,T11
S152,T12
S152,T13
S152,T14
S152,T15
S152,T16
S152,T17
S152,T18
S152,T19
S152,T20
S152,T21
S152,T22
S152,T23
S152,T24
S153,T01
S153,T02
S153,T03
S153,T04
S153,T05
S153,T06
S153,T07
S153,T08
S153,T09
S153,T10
S153,T11
S153,T12
S153,T13
S153,T14
S153,T15
S153,T16
S153,T17
S153,T18
S153,T19
S153,T20
S153,T21
S153,T22
S153,T23
S153,T24
S154,T01
S154,T02
S154,T03
S154,T04
S154,T05
S154,T06
S154,T07
S154,T08
S154,T09
S154,T10
S154,T11
S154,T12
S154,T13
S154,T14
S154,T15
S154,T16
S154,T17
S154,T18
S154,T19
S154,T20
S154,T21
S154,T22
S154,T23
S154,T24
S155,T01
S155,T02
S155,T03
S155,T04
S155,T05
S155,T06
S155,T07
S155,T08
S155,T09
S155,T10
S155,T11
S155,T12
S155,T13
S155,T14
S155,T15
S155,T16
S155,T17
S155,T18
S155,T19
S155,T20
S155,T21
S155,T22
S155,T23
S155,T24
S156,T01
S156,T02
S156,T03
S156,T04
S156,T05
S156,T06
S156,T07
S156,T08
S156,T09
S156,T10
S156,T11
S156,T12
S156,T13
S156,T14
S156,T15
S156,T16
S156,T17
S156,T18
S156,T19
S156,T20
S156,T21
S156,T22
S156,T23
S156,T24
S157,T01
S157,T02
S157,T03
S157,T04
S157,T05
S157,T06
S157,T07
S157,T08
S157,T09
S157,T10
S157,T11
S157,T12
S157,T13
S157,T14
S157,T15
S157,T16
S157,T17
S157,T18
S157,T19
S157,T20
S157,T21
S157,T22
S157,T23
S157,T24
S158,T01
S158,T02
S158,T03
S158,T04
S158,T05
S158,T06
S158,T07
S158,T08
S158,T09
S158,T10
S158,T11
S158,T12
S158,T13
S158,T14
S158,T15
S158,T16
S158,T17
S158,T18
S158,T19
S158,T20
S158,T21
S158,T22
S158,T23
S158,T24
S159,T01
S159,T02
S159,T03
S159,T04
S159,T05
S159,T06
S159,T07
S159,T08
S159,T09
S159,T10
S159,T11
S159,T12
S159,T13
S159,T14
S159,T15
S159,T16
S159,T17
S159,T18
S159,T19
S159,T20
S159,T21
S159,T22
S159,T23
S159,T24
S160,T01
S160,T02
S160,T03
S160,T04
S160,T05
S160,T06
S160,T07
S160,T08
S160,T09
S160,T10
S160,T11
S160,T12
S160,T13
S160,T14
S160,T15
S160,T16
S160,T17
S160,T18
S160,T19
S160,T20
S160,T21
S160,T22
S160,T23
S160,T24
S161,T01
S161,T02
S161,T03
S161,T04
S161,T05
S161,T06
S161,T07
S161,T08
S161,T09
S161,T10
S161,T11
S161,T12
S161,T13
S161,T14
S161,T15
S161,T16
S161,T17
S161,T18
S161,T19
S161,T20
S161,T21
S161,T22
S161,T23
S161,T24
S162,T01
S162,T02
S162,T03
S162,T04
S162,T05
S162,T06
S162,T07
S162,T08
S162,T09
S162,T10
S162,T11
S162,T12
S162,T13
S162,T14
S162,T15
S162,T16
S162,T17
S162,T18
S162,T19
S162,T20
S162,T21
S162,T22
S162,T23
S162,T24
S163,T01
S163,T02
S163,T03
S163,T04
S163,T05
S163,T06
S163,T07
S163,T08
S163,T09
S163,T10
S163,T11
S163,T12
S163,T13
S163,T14
S163,T15
S163,T16
S163,T17
S163,T18
S163,T19
S163,T20
S163,T21
S163,T22
S163,T23
S163,T24
S164,T01
S164,T02
S164,T03
S164,T04
S164,T05
S164,T06
S164,T07
S164,T08
S164,T09
S164,T10
S164,T11
S164,T12
S164,T13
S164,T14
S164,T15
S164,T16
S164,T17
S164,T18
S164,T19
S164,T20
S164,T21
S164,T22
S164,T23
S164,T24
S165,T01
S165,T02
S165,T03
S165,T04
S165,T05
S165,T06
S165,T07
S165,T08
S165,T09
S165,T10
S165,T11
S165,T12
S165,T13
S165,T14
S165,T15
S165,T16
S165,T17
S165,T18
S165,T19
S165,T20
S165,T21
S165,T22
S165,T23
S165,T24
S166,T01
S166,T02
S166,T03
S166,T04
S166,T05
S166,T06
S166,T07
S166,T08
S166,T09
S166,T10
S166,T11
S166,T12
S166,T13
S166,T14
S166,T15
S166,T16
S166,T17
S166,T18
S166,T19
S166,T20
S166,T21
S166,T22
S166,T23
S166,T24
S167,T01
S167,T02
S167,T03
S167,T04
S167,T05
S167,T06
S167,T07
S167,T08
S167,T09
S167,T10
S167,T11
S167,T12
S167,T13
S167,T14
S167,T15
S167,T16
S167,T17
S167,T18
S167,T19
S167,T20
S167,T21
S167,T22
S167,T23
S167,T24
S168,T01
S168,T02
S168,T03
S168,T04
S168,T05
S168,T06
S168,T07
S168,T08
S168,T09
S168,T10
S168,T11
S168,T12
S168,T13
S168,T14
S168,T15
S168,T16
S168,T17
S168,T18
S168,T19
S168,T20
S168,T21
S168,T22
S168,T23
S168,T24
S169,T01
S169,T02
S169,T03
S169,T04
S169,T05
S169,T06
S169,T07
S169,T08
S169,T09
S169,T10
S169,T11
S169,T12
S169,T13
S169,T14
S169,T15
S169,T16
S169,T17
S169,T18
S169,T19
S169,T20
S169,T21
S169,T22
S169,T23
S169,T24
S170,T01
S170,T02
S170,T03
S170,T04
S170,T05
S170,T06
S170,T07
S170,T08
S170,T09
S170,T10
S170,T11
S170,T12
S170,T13
S170,T14
S170,T15
S170,T16
S170,T17
S170,T18
S170,T19
S170,T20
S170,T21
S170,T22
S170,T23
S170,T24
S171,T01
S171,T02
S171,T03
S171,T04
S171,T05
S171,T06
S171,T07
S171,T08
S171,T09
S171,T10
S171,T11
S171,T12
S171,T13
S171,T14
S171,T15
S171,T16
S171,T17
S171,T18
S171,T19
S171,T20
S171,T21
S171,T22
S171,T23
S171,T24
S172,T01
S172,T02
S172,T03
S172,T04
S172,T05
S172,T06
S172,T07
S172,T08
S172,T09
S172,T10
S172,T11
S172,T12
S172,T13
S172,T14
S172,T15
S172,T16
S172,T17
S172,T18
S172,T19
S172,T20
S172,T21
S172,T22
S172,T23
S172,T24
S173,T01
S173,T02
S173,T03
S173,T04
S173,T05
S173,T06
S173,T07
S173,T08
S173,T09
S173,T10
S173,T11
S173,T12
S173,T13
S173,T14
S173,T15
S173,T16
S173,T17
S173,T18
S173,T19
S173,T20
S173,T21
S173,T22
S173,T23
S173,T24
S174,T01
S174,T02
S174,T03
S174,T04
S174,T05
S174,T06
S174,T07
S174,T08
S174,T09
S174,T10
S174,T11
S174,T12
S174,T13
S174,T14
S174,T15
S174,T16
S174,T17
S174,T18
S174,T19
S174,T20
S174,T21
S174,T22
S174,T23
S174,T24
S175,T01
S175,T02
S175,T03
S175,T04
S175,T05
S175,T06
S175,T07
S175,T08
S175,T09
S175,T10
S175,T11
S175,T12
S175,T13
S175,T14
S175,T15
S175,T16
S175,T17
S175,T18
S175,T19
S175,T20
S175,T21
S175,T22
S175,T23
S175,T24
S176,T01
S176,T02
S176,T03
S176,T04
S176,T05
S176,T06
S176,T07
S176,T08
S176,T09
S176,T10
S176,T11
S176,T12
S176,T13
S176,T14
S176,T15
S176,T16
S176,T17
S176,T18
S176,T19
S176,T20
S176,T21
S176,T22
S176,T23
S176,T24
S177,T01
S177,T02
S177,T03
S177,T04
S177,T05
S177,T06
S177,T07
S177,T08
S177,T09
S177,T10
S177,T11
S177,T12
S177,T13
S177,T14
S177,T15
S177,T16
S177,T17
S177,T18
S177,T19
S177,T20
S177,T21
S177,T22
S177,T23
S177,T24
S178,T01
S178,T02
S178,T03
S178,T04
S178,T05
S178,T06
S178,T07
S178,T08
S178,T09
S178,T10
S178,T11
S178,T12
S178,T13
S178,T14
S178,T15
S178,T16
S178,T17
S178,T18
S178,T19
S178,T20
S178,T21
S178,T22
S178,T23
S178,T24
S179,T01
S179,T02
S179,T03
S179,T04
S179,T05
S179,T06
S179,T07
S179,T08
S179,T09
S179,T10
S179,T11
S179,T12
S179,T13
S179,T14
S179,T15
S179,T16
S179,T17
S179,T18
S179,T19
S179,T20
S179,T21
S179,T22
S179,T23
S179,T24
S180,T01
S180,T02
S180,T03
S180,T04
S180,T05
S180,T06
S180,T07
S180,T08
S180,T09
S180,T10
S180,T11
S180,T12
S180,T13
S180,T14
S180,T15
S180,T16
S180,T17
S180,T18
S180,T19
S180,T20
S180,T21
S180,T22
S180,T23
S180,T24
S181,T01
S181,T02
S181,T03
S181,T04
S181,T05
S181,T06
S181,T07
S181,T08
S181,T09
S181,T10
S181,T11
S181,T12
S181,T13
S181,T14
S181,T15
S181,T16
S181,T17
S181,T18
S181,T19
S181,T20
S181,T21
S181,T22
S181,T23
S181,T24
S182,T01
S182,T02
S182,T03
S182,T04
S182,T05
S182,T06
S182,T07
S182,T08
S182,T09
S182,T10
S182,T11
S182,T12
S182,T13
S182,T14
S182,T15
S182,T16
S182,T17
S182,T18
S182,T19
S182,T20
S182,T21
S182,T22
S182,T23
S182,T24
S183,T01
S183,T02
S183,T03
S183,T04
S183,T05
S183,T06
S183,T07
S183,T08
S183,T09
S183,T10
S183,T11
S183,T12
S183,T13
S183,T14
S183,T15
S183,T16
S183,T17
S183,T18
S183,T19
S183,T20
S183,T21
S183,T22
S183,T23
S183,T24
S184,T01
S184,T02
S184,T03
S184,T04
S184,T05
S184,T06
S184,T07
S184,T08
S184,T09
S184,T10
S184,T11
S184,T12
S184,T13
S184,T14
S184,T15
S184,T16
S184,T17
S184,T18
S184,T19
S184,T20
S184,T21
S184,T22
S184,T23
S184,T24
S185,T01
S185,T02
S185,T03
S185,T04
S185,T05
S185,T06
S185,T07
S185,T08
S185,T09
S185,T10
S185,T11
S185,T12
S185,T13
S185,T14
S185,T15
S185,T16
S185,T17
S185,T18
S185,T19
S185,T20
S185,T21
S185,T22
S185,T23
S185,T24
S186,T01
S186,T02
S186,T03
S186,T04
S186,T05
S186,T06
S186,T07
S186,T08
S186,T09
S186,T10
S186,T11
S186,T12
S186,T13
S186,T14
S186,T15
S186,T16
S186,T17
S186,T18
S186,T19
S186,T20
S186,T21
S186,T22
S186,T23
S186,T24
S187,T01
S187,T02
S187,T03
S187,T04
S187,T05
S187,T06
S187,T07
S187,T08
S187,T09
S187,T10
S187,T11
S187,T12
S187,T13
S187,T14
S187,T15
S187,T16
S187,T17
S187,T18
S187,T19
S187,T20
S187,T21
S187,T22
S187,T23
S187,T24
S188,T01
S188,T02
S188,T03
S188,T04
S188,T05
S188,T06
S188,T07
S188,T08
S188,T09
S188,T10
S188,T11
S188,T12
S188,T13
S188,T14
S188,T15
S188,T16
S188,T17
S188,T18
S188,T19
S188,T20
S188,T21
S188,T22
S188,T23
S188,T24
S189,T01
S189,T02
S189,T03
S189,T04
S189,T05
S189,T06
S189,T07
S189,T08
S189,T09
S189,T10
S189,T11
S189,T12
S189,T13
S189,T14
S189,T15
S189,T16
S189,T17
S189,T18
S189,T19
S189,T20
S189,T21
S189,T22
S189,T23
S189,T24
S190,T01
S190,T02
S190,T03
S190,T04
S190,T05
S190,T06
S190,T07
S190,T08
S190,T09
S190,T10
S190,T11
S190,T12
S190,T13
S190,T14
S190,T15
S190,T16
S190,T17
S190,T18
S190,T19
S190,T20
S190,T21
S190,T22
S190,T23
S190,T24
S191,T01
S191,T02
S191,T03
S191,T04
S191,T05
S191,T06
S191,T07
S191,T08
S191,T09
S191,T10
S191,T11
S191,T12
S191,T13
S191,T14
S191,T15
S191,T16
S191,T17
S191,T18
S191,T19
S191,T20
S191,T21
S191,T22
S191,T23
S191,T24
S192,T01
S192,T02
S192,T03
S192,T04
S192,T05
S192,T06
S192,T07
S192,T08
S192,T09
S192,T10
S192,T11
S192,T12
S192,T13
S192,T14
S192,T15
S192,T16
S192,T17
S192,T18
S192,T19
S192,T20
S192,T21
S192,T22
S192,T23
S192,T24
S193,T01
S193,T02
S193,T03
S193,T04
S193,T05
S193,T06
S193,T07
S193,T08
S193,T09
S193,T10
S193,T11
S193,T12
S193,T13
S193,T14
S193,T15
S193,T16
S193,T17
S193,T18
S193,T19
S193,T20
S193,T21
S193,T22
S193,T23
S193,T24
S194,T01
S194,T02
S194,T03
S194,T04
S194,T05
S194,T06
S194,T07
S194,T08
S194,T09
S194,T10
S194,T11
S194,T12
S194,T13
S194,T14
S194,T15
S194,T16
S194,T17
S194,T18
S194,T19
S194,T20
S194,T21
S194,T22
S194,T23
S194,T24
S195,T01
S195,T02
S195,T03
S195,T04
S195,T05
S195,T06
S195,T07
S195,T08
S195,T09
S195,T10
S195,T11
S195,T12
S195,T13
S195,T14
S195,T15
S195,T16
S195,T17
S195,T18
S195,T19
S195,T20
S195,T21
S195,T22
S195,T23
S195,T24
S196,T01
S196,T02
S196,T03
S196,T04
S196,T05
S196,T06
S196,T07
S196,T08
S196,T09
S196,T10
S196,T11
S196,T12
S196,T13
S196,T14
S196,T15
S196,T16
S196,T17
S196,T18
S196,T19
S196,T20
S196,T21
S196,T22
S196,T23
S196,T24
S197,T01
S197,T02
S197,T03
S197,T04
S197,T05
S197,T06
S197,T07
S197,T08
S197,T09
S197,T10
S197,T11
S197,T12
S197,T13
S197,T14
S197,T15
S197,T16
S197,T17
S197,T18
S197,T19
S197,T20
S197,T21
S197,T22
S197,T23
S197,T24
S198,T01
S198,T02
S198,T03
S198,T04
S198,T05
S198,T06
S198,T07
S198,T08
S198,T09
S198,T10
S198,T11
S198,T12
S198,T13
S198,T14
S198,T15
S198,T16
S198,T17
S198,T18
S198,T19
S198,T20
S198,T21
S198,T22
S198,T23
S198,T24
S199,T01
S199,T02
S199,T03
S199,T04
S199,T05
S199,T06
S199,T07
S199,T08
S199,T09
S199,T10
S199,T11
S199,T12
S199,T13
S199,T14
S199,T15
S199,T16
S199,T17
S199,T18
S199,T19
S199,T20
S199,T21
S199,T22
S199,T23
S199,T24
S200,T01
S200,T02
S200,T03
S200,T04
S200,T05
S200,T06
S200,T07
S200,T08
S200,T09
S200,T10
S200,T11
S200,T12
S200,T13
S200,T14
S200,T15
S200,T16
S200,T17
S200,T18
S200,T19
S200,T20
S200,T21
S200,T22
S200,T23
S200,T24
S201,T01
S201,T02
S201,T03
S201,T04
S201,T05
S201,T06
S201,T07
S201,T08
S201,T09
S201,T10
S201,T11
S201,T12
S201,T13
S201,T14
S201,T15
S201,T16
S201,T17
S201,T18
S201,T19
S201,T20
S201,T21
S201,T22
S201,T23
S201,T24
S202,T01
S202,T02
S202,T03
S202,T04
S202,T05
S202,T06
S202,T07
S202,T08
S202,T09
S202,T10
S202,T11
S202,T12
S202,T13
S202,T14
S202,T15
S202,T16
S202,T17
S202,T18
S202,T19
S202,T20
S202,T21
S202,T22
S202,T23
S202,T24
S203,T01
S203,T02
S203,T03
S203,T04
S203,T05
S203,T06
S203,T07
S203,T08
S203,T09
S203,T10
S203,T11
S203,T12
S203,T13
S203,T14
S203,T15
S203,T16
S203,T17
S203,T18
S203,T19
S203,T20
S203,T21
S203,T22
S203,T23
S203,T24
S204,T01
S204,T02
S204,T03
S204,T04
S204,T05
S204,T06
S204,T07
S204,T08
S204,T09
S204,T10
S204,T11
S204,T12
S204,T13
S204,T14
S204,T15
S204,T16
S204,T17
S204,T18
S204,T19
S204,T20
S204,T21
S204,T22
S204,T23
S204,T24
S205,T01
S205,T02
S205,T03
S205,T04
S205,T05
S205,T06
S205,T07
S205,T08
S205,T09
S205,T10
S205,T11
S205,T12
S205,T13
S205,T14
S205,T15
S205,T16
S205,T17
S205,T18
S205,T19
S205,T20
S205,T21
S205,T22
S205,T23
S205,T24
S206,T01
S206,T02
S206,T03
S206,T04
S206,T05
S206,T06
S206,T07
S206,T08
S206,T09
S206,T10
S206,T11
S206,T12
S206,T13
S206,T14
S206,T15
S206,T16
S206,T17
S206,T18
S206,T19
S206,T20
S206,T21
S206,T22
S206,T23
S206,T24
S207,T01
S207,T02
S207,T03
S207,T04
S207,T05
S207,T06
S207,T07
S207,T08
S207,T09
S207,T10
S207,T11
S207,T12
S207,T13
S207,T14
S207,T15
S207,T16
S207,T17
S207,T18
S207,T19
S207,T20
S207,T21
S207,T22
S207,T23
S207,T24
S208,T01
S208,T02
S208,T03
S208,T04
S208,T05
S208,T06
S208,T07
S208,T08
S208,T09
S208,T10
S208,T11
S208,T12
S208,T13
S208,T14
S208,T15
S208,T16
S208,T17
S208,T18
S208,T19
S208,T20
S208,T21
S208,T22
S208,T23
S208,T24
S209,T01
S209,T02
S209,T03
S209,T04
S209,T05
S209,T06
S209,T07
S209,T08
S209,T09
S209,T10
S209,T11
S209,T12
S209,T13
S209,T14
S209,T15
S209,T16
S209,T17
S209,T18
S209,T19
S209,T20
S209,T21
S209,T22
S209,T23
S209,T24
S210,T01
S210,T02
S210,T03
S210,T04
S210,T05
S210,T06
S210,T07
S210,T08
S210,T09
S210,T10
S210,T11
S210,T12
S210,T13
S210,T14
S210,T15
S210,T16
S210,T17
S210,T18
S210,T19
S210,T20
S210,T21
S210,T22
S210,T23
S210,T24
S211,T01
S211,T02
S211,T03
S211,T04
S211,T05
S211,T06
S211,T07
S211,T08
S211,T09
S211,T10
S211,T11
S211,T12
S211,T13
S211,T14
S211,T15
S211,T16
S211,T17
S211,T18
S211,T19
S211,T20
S211,T21
S211,T22
S211,T23
S211,T24
S212,T01
S212,T02
S212,T03
S212,T04
S212,T05
S212,T06
S212,T07
S212,T08
S212,T09
S212,T10
S212,T11
S212,T12
S212,T13
S212,T14
S212,T15
S212,T16
S212,T17
S212,T18
S212,T19
S212,T20
S212,T21
S212,T22
S212,T23
S212,T24
S213,T01
S213,T02
S213,T03
S213,T04
S213,T05
S213,T06
S213,T07
S213,T08
S213,T09
S213,T10
S213,T11
S213,T12
S213,T13
S213,T14
S213,T15
S213,T16
S213,T17
S213,T18
S213,T19
S213,T20
S213,T21
S213,T22
S213,T23
S213,T24
S214,T01
S214,T02
S214,T03
S214,T04
S214,T05
S214,T06
S214,T07
S214,T08
S214,T09
S214,T10
S214,T11
S214,T12
S214,T13
S214,T14
S214,T15
S214,T16
S214,T17
S214,T18
S214,T19
S214,T20
S214,T21
S214,T22
S214,T23
S214,T24
S215,T01
S215,T02
S215,T03
S215,T04
S215,T05
S215,T06
S215,T07
S215,T08
S215,T09
S215,T10
S215,T11
S215,T12
S215,T13
S215,T14
S215,T15
S215,T16
S215,T17
S215,T18
S215,T19
S215,T20
S215,T21
S215,T22
S215,T23
S215,T24
S216,T01
S216,T02
S216,T03
S216,T04
S216,T05
S216,T06
S216,T07
S216,T08
S216,T09
S216,T10
S216,T11
S216,T12
S216,T13
S216,T14
S216,T15
S216,T16
S216,T17
S216,T18
S216,T19
S216,T20
S216,T21
S216,T22
S216,T23
S216,T24
S217,T01
S217,T02
S217,T03
S217,T04
S217,T05
S217,T06
S217,T07
S217,T08
S217,T09
S217,T10
S217,T11
S217,T12
S217,T13
S217,T14
S217,T15
S217,T16
S217,T17
S217,T18
S217,T19
S217,T20
S217,T21
S217,T22
S217,T23
S217,T24
S218,T01
S218,T02
S218,T03
S218,T04
S218,T05
S218,T06
S218,T07
S218,T08
S218,T09
S218,T10
S218,T11
S218,T12
S218,T13
S218,T14
S218,T15
S218,T16
S218,T17
S218,T18
S218,T19
S218,T20
S218,T21
S218,T22
S218,T23
S218,T24
S219,T01
S219,T02
S219,T03
S219,T04
S219,T05
S219,T06
S219,T07
S219,T08
S219,T09
S219,T10
S219,T11
S219,T12
S219,T13
S219,T14
S219,T15
S219,T16
S219,T17
S219,T18
S219,T19
S219,T20
S219,T21
S219,T22
S219,T23
S219,T24
S220,T01
S220,T02
S220,T03
S220,T04
S220,T05
S220,T06
S220,T07
S220,T08
S220,T09
S220,T10
S220,T11
S220,T12
S220,T13
S220,T14
S220,T15
S220,T16
S220,T17
S220,T18
S220,T19
S220,T20
S220,T21
S220,T22
S220,T23
S220,T24
S221,T01
S221,T02
S221,T03
S221,T04
S221,T05
S221,T06
S221,T07
S221,T08
S221,T09
S221,T10
S221,T11
S221,T12
S221,T13
S221,T14
S221,T15
S221,T16
S221,T17
S221,T18
S221,T19
S221,T20
S221,T21
S221,T22
S221,T23
S221,T24
S222,T01
S222,T02
S222,T03
S222,T04
S222,T05
S222,T06
S222,T07
S222,T08
S222,T09
S222,T10
S222,T11
S222,T12
S222,T13
S222,T14
S222,T15
S222,T16
S222,T17
S222,T18
S222,T19
S222,T20
S222,T21
S222,T22
S222,T23
S222,T24
S223,T01
S223,T02
S223,T03
S223,T04
S223,T05
S223,T06
S223,T07
S223,T08
S223,T09
S223,T10
S223,T11
S223,T12
S223,T13
S223,T14
S223,T15
S223,T16
S223,T17
S223,T18
S223,T19
S223,T20
S223,T21
S223,T22
S223,T23
S223,T24
S224,T01
S224,T02
S224,T03
S224,T04
S224,T05
S224,T06
S224,T07
S224,T08
S224,T09
S224,T10
S224,T11
S224,T12
S224,T13
S224,T14
S224,T15
S224,T16
S224,T17
S224,T18
S224,T19
S224,T20
S224,T21
S224,T22
S224,T23
S224,T24
S225,T01
S225,T02
S225,T03
S225,T04
S225,T05
S225,T06
S225,T07
S225,T08
S225,T09
S225,T10
S225,T11
S225,T12
S225,T13
S225,T14
S225,T15
S225,T16
S225,T17
S225,T18
S225,T19
S225,T20
S225,T21
S225,T22
S225,T23
S225,T24
S226,T01
S226,T02
S226,T03
S226,T04
S226,T05
S226,T06
S226,T07
S226,T08
S226,T09
S226,T10
S226,T11
S226,T12
S226,T13
S226,T14
S226,T15
S226,T16
S226,T17
S226,T18
S226,T19
S226,T20
S226,T21
S226,T22
S226,T23
S226,T24
S227,T01
S227,T02
S227,T03
S227,T04
S227,T05
S227,T06
S227,T07
S227,T08
S227,T09
S227,T10
S227,T11
S227,T12
S227,T13
S227,T14
S227,T15
S227,T16
S227,T17
S227,T18
S227,T19
S227,T20
S227,T21
S227,T22
S227,T23
S227,T24
S228,T01
S228,T02
S228,T03
S228,T04
S228,T05
S228,T06
S228,T07
S228,T08
S228,T09
S228,T10
S228,T11
S228,T12
S228,T13
S228,T14
S228,T15
S228,T16
S228,T17
S228,T18
S228,T19
S228,T20
S228,T21
S228,T22
S228,T23
S228,T24
S229,T01
S229,T02
S229,T03
S229,T04
S229,T05
S229,T06
S229,T07
S229,T08
S229,T09
S229,T10
S229,T11
S229,T12
S229,T13
S229,T14
S229,T15
S229,T16
S229,T17
S229,T18
S229,T19
S229,T20
S229,T21
S229,T22
S229,T23
S229,T24
S230,T01
S230,T02
S230,T03
S230,T04
S230,T05
S230,T06
S230,T07
S230,T08
S230,T09
S230,T10
S230,T11
S230,T12
S230,T13
S230,T14
S230,T15
S230,T16
S230,T17
S230,T18
S230,T19
S230,T20
S230,T21
S230,T22
S230,T23
S230,T24
S231,T01
S231,T02
S231,T03
S231,T04
S231,T05
S231,T06
S231,T07
S231,T08
S231,T09
S231,T10
S231,T11
S231,T12
S231,T13
S231,T14
S231,T15
S231,T16
S231,T17
S231,T18
S231,T19
S231,T20
S231,T21
S231,T22
S231,T23
S231,T24
S232,T01
S232,T02
S232,T03
S232,T04
S232,T05
S232,T06
S232,T07
S232,T08
S232,T09
S232,T10
S232,T11
S232,T12
S232,T13
S232,T14
S232,T15
S232,T16
S232,T17
S232,T18
S232,T19
S232,T20
S232,T21
S232,T22
S232,T23
S232,T24
S233,T01
S233,T02
S233,T03
S233,T04
S233,T05
S233,T06
S233,T07
S233,T08
S233,T09
S233,T10
S233,T11
S233,T12
S233,T13
S233,T14
S233,T15
S233,T16
S233,T17
S233,T18
S233,T19
S233,T20
S233,T21
S233,T22
S233,T23
S233,T24
S234,T01
S234,T02
S234,T03
S234,T04
S234,T05
S234,T06
S234,T07
S234,T08
S234,T09
S234,T10
S234,T11
S234,T12
S234,T13
S234,T14
S234,T15
S234,T16
S234,T17
S234,T18
S234,T19
S234,T20
S234,T21
S234,T22
S234,T23
S234,T24
S235,T01
S235,T02
S235,T03
S235,T04
S235,T05
S235,T06
S235,T07
S235,T08
S235,T09
S235,T10
S235,T11
S235,T12
S235,T13
S235,T14
S235,T15
S235,T16
S235,T17
S235,T18
S235,T19
S235,T20
S235,T21
S235,T22
S235,T23
S235,T24
S236,T01
S236,T02
S236,T03
S236,T04
S236,T05
S236,T06
S236,T07
S236,T08
S236,T09
S236,T10
S236,T11
S236,T12
S236,T13
S236,T14
S236,T15
S236,T16
S236,T17
S236,T18
S236,T19
S236,T20
S236,T21
S236,T22
S236,T23
S236,T24
S237,T01
S237,T02
S237,T03
S237,T04
S237,T05
S237,T06
S237,T07
S237,T08
S237,T09
S237,T10
S237,T11
S237,T12
S237,T13
S237,T14
S237,T15
S237,T16
S237,T17
S237,T18
S237,T19
S237,T20
S237,T21
S237,T22
S237,T23
S237,T24
S238,T01
S238,T02
S238,T03
S238,T04
S238,T05
S238,T06
S238,T07
S238,T08
S238,T09
S238,T10
S238,T11
S238,T12
S238,T13
S238,T14
S238,T15
S238,T16
S238,T17
S238,T18
S238,T19
S238,T20
S238,T21
S238,T22
S238,T23
S238,T24
S239,T01
S239,T02
S239,T03
S239,T04
S239,T05
S239,T06
S239,T07
S239,T08
S239,T09
S239,T10
S239,T11
S239,T12
S239,T13
S239,T14
S239,T15
S239,T16
S239,T17
S239,T18
S239,T19
S239,T20
S239,T21
S239,T22
S239,T23
S239,T24
S240,T01
S240,T02
S240,T03
S240,T04
S240,T05
S240,T06
S240,T07
S240,T08
S240,T09
S240,T10
S240,T11
S240,T12
S240,T13
S240,T14
S240,T15
S240,T16
S240,T17
S240,T18
S240,T19
S240,T20
S240,T21
S240,T22
S240,T23
S240,T24
S241,T01
S241,T02
S241,T03
S241,T04
S241,T05
S241,T06
S241,T07
S241,T08
S241,T09
S241,T10
S241,T11
S241,T12
S241,T13
S241,T14
S241,T15
S241,T16
S241,T17
S241,T18
S241,T19
S241,T20
S241,T21
S241,T22
S241,T23
S241,T24
S242,T01
S242,T02
S242,T03
S242,T04
S242,T05
S242,T06
S242,T07
S242,T08
S242,T09
S242,T10
S242,T11
S242,T12
S242,T13
S242,T14
S242,T15
S242,T16
S242,T17
S242,T18
S242,T19
S242,T20
S242,T21
S242,T22
S242,T23
S242,T24
S243,T01
S243,T02
S243,T03
S243,T04
S243,T05
S243,T06
S243,T07
S243,T08
S243,T09
S243,T10
S243,T11
S243,T12
S243,T13
S243,T14
S243,T15
S243,T16
S243,T17
S243,T18
S243,T19
S243,T20
S243,T21
S243,T22
S243,T23
S243,T24
S244,T01
S244,T02
S244,T03
S244,T04
S244,T05
S244,T06
S244,T07
S244,T08
S244,T09
S244,T10
S244,T11
S244,T12
S244,T13
S244,T14
S244,T15
S244,T16
S244,T17
S244,T18
S244,T19
S244,T20
S244,T21
S244,T22
S244,T23
S244,T24
S245,T01
S245,T02
S245,T03
S245,T04
S245,T05
S245,T06
S245,T07
S245,T08
S245,T09
S245,T10
S245,T11
S245,T12
S245,T13
S245,T14
S245,T15
S245,T16
S245,T17
S245,T18
S245,T19
S245,T20
S245,T21
S245,T22
S245,T23
S245,T24
S246,T01
S246,T02
S246,T03
S246,T04
S246,T05
S246,T06
S246,T07
S246,T08
S246,T09
S246,T10
S246,T11
S246,T12
S246,T13
S246,T14
S246,T15
S246,T16
S246,T17
S246,T18
S246,T19
S246,T20
S246,T21
S246,T22
S246,T23
S246,T24
S247,T01
S247,T02
S247,T03
S247,T04
S247,T05
S247,T06
S247,T07
S247,T08
S247,T09
S247,T10
S247,T11
S247,T12
S247,T13
S247,T14
S247,T15
S247,T16
S247,T17
S247,T18
S247,T19
S247,T20
S247,T21
S247,T22
S247,T23
S247,T24
S248,T01
S248,T02
S248,T03
S248,T04
S248,T05
S248,T06
S248,T07
S248,T08
S248,T09
S248,T10
S248,T11
S248,T12
S248,T13
S248,T14
S248,T15
S248,T16
S248,T17
S248,T18
S248,T19
S248,T20
S248,T21
S248,T22
S248,T23
S248,T24
S249,T01
S249,T02
S249,T03
S249,T04
S249,T05
S249,T06
S249,T07
S249,T08
S249,T09
S249,T10
S249,T11
S249,T12
S249,T13
S249,T14
S249,T15
S249,T16
S249,T17
S249,T18
S249,T19
S249,T20
S249,T21
S249,T22
S249,T23
S249,T24
S250,T01
S250,T02
S250,T03
S250,T04
S250,T05
S250,T06
S250,T07
S250,T08
S250,T09
S250,T10
S250,T11
S250,T12
S250,T13
S250,T14
S250,T15
S250,T16
S250,T17
S250,T18
S250,T19
S250,T20
S250,T21
S250,T22
S250,T23
S250,T24
S251,T01
S251,T02
S251,T03
S251,T04
S251,T05
S251,T06
S251,T07
S251,T08
S251,T09
S251,T10
S251,T11
S251,T12
S251,T13
S251,T14
S251,T15
S251,T16
S251,T17
S251,T18
S251,T19
S251,T20
S251,T21
S251,T22
S251,T23
S251,T24
S252,T01
S252,T02
S252,T03
S252,T04
S252,T05
S252,T06
S252,T07
S252,T08
S252,T09
S252,T10
S252,T11
S252,T12
S252,T13
S252,T14
S252,T15
S252,T16
S252,T17
S252,T18
S252,T19
S252,T20
S252,T21
S252,T22
S252,T23
S252,T24
S253,T01
S253,T02
S253,T03
S253,T04
S253,T05
S253,T06
S253,T07
S253,T08
S253,T09
S253,T10
S253,T11
S253,T12
S253,T13
S253,T14
S253,T15
S253,T16
S253,T17
S253,T18
S253,T19
S253,T20
S253,T21
S253,T22
S253,T23
S253,T24
S254,T01
S254,T02
S254,T03
S254,T04
S254,T05
S254,T06
S254,T07
S254,T08
S254,T09
S254,T10
S254,T11
S254,T12
S254,T13
S254,T14
S254,T15
S254,T16
S254,T17
S254,T18
S254,T19
S254,T20
S254,T21
S254,T22
S254,T23
S254,T24
S255,T01
S255,T02
S255,T03
S255,T04
S255,T05
S255,T06
S255,T07
S255,T08
S255,T09
S255,T10
S255,T11
S255,T12
S255,T13
S255,T14
S255,T15
S255,T16
S255,T17
S255,T18
S255,T19
S255,T20
S255,T21
S255,T22
S255,T23
S255,T24
S256,T01
S256,T02
S256,T03
S256,T04
S256,T05
S256,T06
S256,T07
S256,T08
S256,T09
S256,T10
S256,T11
S256,T12
S256,T13
S256,T14
S256,T15
S256,T16
S256,T17
S256,T18
S256,T19
S256,T20
S256,T21
S256,T22
S256,T23
S256,T24
S257,T01
S257,T02
S257,T03
S257,T04
S257,T05
S257,T06
S257,T07
S257,T08
S257,T09
S257,T10
S257,T11
S257,T12
S257,T13
S257,T14
S257,T15
S257,T16
S257,T17
S257,T18
S257,T19
S257,T20
S257,T21
S257,T22
S257,T23
S257,T24
S258,T01
S258,T02
S258,T03
S258,T04
S258,T05
S258,T06
S258,T07
S258,T08
S258,T09
S258,T10
S258,T11
S258,T12
S258,T13
S258,T14
S258,T15
S258,T16
S258,T17
S258,T18
S258,T19
S258,T20
S258,T21
S258,T22
S258,T23
S258,T24
S259,T01
S259,T02
S259,T03
S259,T04
S259,T05
S259,T06
S259,T07
S259,T08
S259,T09
S259,T10
S259,T11
S259,T12
S259,T13
S259,T14
S259,T15
S259,T16
S259,T17
S259,T18
S259,T19
S259,T20
S259,T21
S259,T22
S259,T23
S259,T24
S260,T01
S260,T02
S260,T03
S260,T04
S260,T05
S260,T06
S260,T07
S260,T08
S260,T09
S260,T10
S260,T11
S260,T12
S260,T13
S260,T14
S260,T15
S260,T16
S260,T17
S260,T18
S260,T19
S260,T20
S260,T21
S260,T22
S260,T23
S260,T24
S261,T01
S261,T02
S261,T03
S261,T04
S261,T05
S261,T06
S261,T07
S261,T08
S261,T09
S261,T10
S261,T11
S261,T12
S261,T13
S261,T14
S261,T15
S261,T16
S261,T17
S261,T18
S261,T19
S261,T20
S261,T21
S261,T22
S261,T23
S261,T24
S262,T01
S262,T02
S262,T03
S262,T04
S262,T05
S262,T06
S262,T07
S262,T08
S262,T09
S262,T10
S262,T11
S262,T12
S262,T13
S262,T14
S262,T15
S262,T16
S262,T17
S262,T18
S262,T19
S262,T20
S262,T21
S262,T22
S262,T23
S262,T24
S263,T01
S263,T02
S263,T03
S263,T04
S263,T05
S263,T06
S263,T07
S263,T08
S263,T09
S263,T10
S263,T11
S263,T12
S263,T13
S263,T14
S263,T15
S263,T16
S263,T17
S263,T18
S263,T19
S263,T20
S263,T21
S263,T22
S263,T23
S263,T24
S264,T01
S264,T02
S264,T03
S264,T04
S264,T05
S264,T06
S264,T07
S264,T08
S264,T09
S264,T10
S264,T11
S264,T12
S264,T13
S264,T14
S264,T15
S264,T16
S264,T17
S264,T18
S264,T19
S264,T20
S264,T21
S264,T22
S264,T23
S264,T24
S265,T01
S265,T02
S265,T03
S265,T04
S265,T05
S265,T06
S265,T07
S265,T08
S265,T09
S265,T10
S265,T11
S265,T12
S265,T13
S265,T14
S265,T15
S265,T16
S265,T17
S265,T18
S265,T19
S265,T20
S265,T21
S265,T22
S265,T23
S265,T24
S266,T01
S266,T02
S266,T03
S266,T04
S266,T05
S266,T06
S266,T07
S266,T08
S266,T09
S266,T10
S266,T11
S266,T12
S266,T13
S266,T14
S266,T15
S266,T16
S266,T17
S266,T18
S266,T19
S266,T20
S266,T21
S266,T22
S266,T23
S266,T24
S267,T01
S267,T02
S267,T03
S267,T04
S267,T05
S267,T06
S267,T07
S267,T08
S267,T09
S267,T10
S267,T11
S267,T12
S267,T13
S267,T14
S267,T15
S267,T16
S267,T17
S267,T18
S267,T19
S267,T20
S267,T21
S267,T22
S267,T23
S267,T24
S268,T01
S268,T02
S268,T03
S268,T04
S268,T05
S268,T06
S268,T07
S268,T08
S268,T09
S268,T10
S268,T11
S268,T12
S268,T13
S268,T14
S268,T15
S268,T16
S268,T17
S268,T18
S268,T19
S268,T20
S268,T21
S268,T22
S268,T23
S268,T24
S269,T01
S269,T02
S269,T03
S269,T04
S269,T05
S269,T06
S269,T07
S269,T08
S269,T09
S269,T10
S269,T11
S269,T12
S269,T13
S269,T14
S269,T15
S269,T16
S269,T17
S269,T18
S269,T19
S269,T20
S269,T21
S269,T22
S269,T23
S269,T24
S270,T01
S270,T02
S270,T03
S270,T04
S270,T05
S270,T06
S270,T07
S270,T08
S270,T09
S270,T10
S270,T11
S270,T12
S270,T13
S270,T14
S270,T15
S270,T16
S270,T17
S270,T18
S270,T19
S270,T20
S270,T21
S270,T22
S270,T23
S270,T24
S271,T01
S271,T02
S271,T03
S271,T04
S271,T05
S271,T06
S271,T07
S271,T08
S271,T09
S271,T10
S271,T11
S271,T12
S271,T13
S271,T14
S271,T15
S271,T16
S271,T17
S271,T18
S271,T19
S271,T20
S271,T21
S271,T22
S271,T23
S271,T24
S272,T01
S272,T02
S272,T03
S272,T04
S272,T05
S272,T06
S272,T07
S272,T08
S272,T09
S272,T10
S272,T11
S272,T12
S272,T13
S272,T14
S272,T15
S272,T16
S272,T17
S272,T18
S272,T19
S272,T20
S272,T21
S272,T22
S272,T23
S272,T24
S273,T01
S273,T02
S273,T03
S273,T04
S273,T05
S273,T06
S273,T07
S273,T08
S273,T09
S273,T10
S273,T11
S273,T12
S273,T13
S273,T14
S273,T15
S273,T16
S273,T17
S273,T18
S273,T19
S273,T20
S273,T21
S273,T22
S273,T23
S273,T24
S274,T01
S274,T02
S274,T03
S274,T04
S274,T05
S274,T06
S274,T07
S274,T08
S274,T09
S274,T10
S274,T11
S274,T12
S274,T13
S274,T14
S274,T15
S274,T16
S274,T17
S274,T18
S274,T19
S274,T20
S274,T21
S274,T22
S274,T23
S274,T24
S275,T01
S275,T02
S275,T03
S275,T04
S275,T05
S275,T06
S275,T07
S275,T08
S275,T09
S275,T10
S275,T11
S275,T12
S275,T13
S275,T14
S275,T15
S275,T16
S275,T17
S275,T18
S275,T19
S275,T20
S275,T21
S275,T22
S275,T23
S275,T24
S276,T01
S276,T02
S276,T03
S276,T04
S276,T05
S276,T06
S276,T07
S276,T08
S276,T09
S276,T10
S276,T11
S276,T12
S276,T13
S276,T14
S276,T15
S276,T16
S276,T17
S276,T18
S276,T19
S276,T20
S276,T21
S276,T22
S276,T23
S276,T24
S277,T01
S277,T02
S277,T03
S277,T04
S277,T05
S277,T06
S277,T07
S277,T08
S277,T09
S277,T10
S277,T11
S277,T12
S277,T13
S277,T14
S277,T15
S277,T16
S277,T17
S277,T18
S277,T19
S277,T20
S277,T21
S277,T22
S277,T23
S277,T24
S278,T01
S278,T02
S278,T03
S278,T04
S278,T05
S278,T06
S278,T07
S278,T08
S278,T09
S278,T10
S278,T11
S278,T12
S278,T13
S278,T14
S278,T15
S278,T16
S278,T17
S278,T18
S278,T19
S278,T20
S278,T21
S278,T22
S278,T23
S278,T24
S279,T01
S279,T02
S279,T03
S279,T04
S279,T05
S279,T06
S279,T07
S279,T08
S279,T09
S279,T10
S279,T11
S279,T12
S279,T13
S279,T14
S279,T15
S279,T16
S279,T17
S279,T18
S279,T19
S279,T20
S279,T21
S279,T22
S279,T23
S279,T24
S280,T01
S280,T02
S280,T03
S280,T04
S280,T05
S280,T06
S280,T07
S280,T08
S280,T09
S280,T10
S280,T11
S280,T12
S280,T13
S280,T14
S280,T15
S280,T16
S280,T17
S280,T18
S280,T19
S280,T20
S280,T21
S280,T22
S280,T23
S280,T24
S281,T01
S281,T02
S281,T03
S281,T04
S281,T05
S281,T06
S281,T07
S281,T08
S281,T09
S281,T10
S281,T11
S281,T12
S281,T13
S281,T14
S281,T15
S281,T16
S281,T17
S281,T18
S281,T19
S281,T20
S281,T21
S281,T22
S281,T23
S281,T24
S282,T01
S282,T02
S282,T03
S282,T04
S282,T05
S282,T06
S282,T07
S282,T08
S282,T09
S282,T10
S282,T11
S282,T12
S282,T13
S282,T14
S282,T15
S282,T16
S282,T17
S282,T18
S282,T19
S282,T20
S282,T21
S282,T22
S282,T23
S282,T24
S283,T01
S283,T02
S283,T03
S283,T04
S283,T05
S283,T06
S283,T07
S283,T08
S283,T09
S283,T10
S283,T11
S283,T12
S283,T13
S283,T14
S283,T15
S283,T16
S283,T17
S283,T18
S283,T19
S283,T20
S283,T21
S283,T22
S283,T23
S283,T24
S284,T01
S284,T02
S284,T03
S284,T04
S284,T05
S284,T06
S284,T07
S284,T08
S284,T09
S284,T10
S284,T11
S284,T12
S284,T13
S284,T14
S284,T15
S284,T16
S284,T17
S284,T18
S284,T19
S284,T20
S284,T21
S284,T22
S284,T23
S284,T24
S285,T01
S285,T02
S285,T03
S285,T04
S285,T05
S285,T06
S285,T07
S285,T08
S285,T09
S285,T10
S285,T11
S285,T12
S285,T13
S285,T14
S285,T15
S285,T16
S285,T17
S285,T18
S285,T19
S285,T20
S285,T21
S285,T22
S285,T23
S285,T24
S286,T01
S286,T02
S286,T03
S286,T04
S286,T05
S286,T06
S286,T07
S286,T08
S286,T09
S286,T10
S286,T11
S286,T12
S286,T13
S286,T14
S286,T15
S286,T16
S286,T17
S286,T18
S286,T19
S286,T20
S286,T21
S286,T22
S286,T23
S286,T24
S287,T01
S287,T02
S287,T03
S287,T04
S287,T05
S287,T06
S287,T07
S287,T08
S287,T09
S287,T10
S287,T11
S287,T12
S287,T13
S287,T14
S287,T15
S287,T16
S287,T17
S287,T18
S287,T19
S287,T20
S287,T21
S287,T22
S287,T23
S287,T24
S288,T01
S288,T02
S288,T03
S288,T04
S288,T05
S288,T06
S288,T07
S288,T08
S288,T09
S288,T10
S288,T11
S288,T12
S288,T13
S288,T14
S288,T15
S288,T16
S288,T17
S288,T18
S288,T19
S288,T20
S288,T21
S288,T22
S288,T23
S288,T24
S289,T01
S289,T02
S289,T03
S289,T04
S289,T05
S289,T06
S289,T07
S289,T08
S289,T09
S289,T10
S289,T11
S289,T12
S289,T13
S289,T14
S289,T15
S289,T16
S289,T17
S289,T18
S289,T19
S289,T20
S289,T21
S289,T22
S289,T23
S289,T24
S290,T01
S290,T02
S290,T03
S290,T04
S290,T05
S290,T06
S290,T07
S290,T08
S290,T09
S290,T10
S290,T11
S290,T12
S290,T13
S290,T14
S290,T15
S290,T16
S290,T17
S290,T18
S290,T19
S290,T20
S290,T21
S290,T22
S290,T23
S290,T24
S291,T01
S291,T02
S291,T03
S291,T04
S291,T05
S291,T06
S291,T07
S291,T08
S291,T09
S291,T10
S291,T11
S291,T12
S291,T13
S291,T14
S291,T15
S291,T16
S291,T17
S291,T18
S291,T19
S291,T20
S291,T21
S291,T22
S291,T23
S291,T24
S292,T01
S292,T02
S292,T03
S292,T04
S292,T05
S292,T06
S292,T07
S292,T08
S292,T09
S292,T10
S292,T11
S292,T12
S292,T13
S292,T14
S292,T15
S292,T16
S292,T17
S292,T18
S292,T19
S292,T20
S292,T21
S292,T22
S292,T23
S292,T24
S293,T01
S293,T02
S293,T03
S293,T04
S293,T05
S293,T06
S293,T07
S293,T08
S293,T09
S293,T10
S293,T11
S293,T12
S293,T13
S293,T14
S293,T15
S293,T16
S293,T17
S293,T18
S293,T19
S293,T20
S293,T21
S293,T22
S293,T23
S293,T24
S294,T01
S294,T02
S294,T03
S294,T04
S294,T05
S294,T06
S294,T07
S294,T08
S294,T09
S294,T10
S294,T11
S294,T12
S294,T13
S294,T14
S294,T15
S294,T16
S294,T17
S294,T18
S294,T19
S294,T20
S294,T21
S294,T22
S294,T23
S294,T24
S295,T01
S295,T02
S295,T03
S295,T04
S295,T05
S295,T06
S295,T07
S295,T08
S295,T09
S295,T10
S295,T11
S295,T12
S295,T13
S295,T14
S295,T15
S295,T16
S295,T17
S295,T18
S295,T19
S295,T20
S295,T21
S295,T22
S295,T23
S295,T24
S296,T01
S296,T02
S296,T03
S296,T04
S296,T05
S296,T06
S296,T07
S296,T08
S296,T09
S296,T10
S296,T11
S296,T12
S296,T13
S296,T14
S296,T15
S296,T16
S296,T17
S296,T18
S296,T19
S296,T20
S296,T21
S296,T22
S296,T23
S296,T24
S297,T01
S297,T02
S297,T03
S297,T04
S297,T05
S297,T06
S297,T07
S297,T08
S297,T09
S297,T10
S297,T11
S297,T12
S297,T13
S297,T14
S297,T15
S297,T16
S297,T17
S297,T18
S297,T19
S297,T20
S297,T21
S297,T22
S297,T23
S297,T24
S298,T01
S298,T02
S298,T03
S298,T04
S298,T05
S298,T06
S298,T07
S298,T08
S298,T09
S298,T10
S298,T11
S298,T12
S298,T13
S298,T14
S298,T15
S298,T16
S298,T17
S298,T18
S298,T19
S298,T20
S298,T21
S298,T22
S298,T23
S298,T24
S299,T01
S299,T02
S299,T03
S299,T04
S299,T05
S299,T06
S299,T07
S299,T08
S299,T09
S299,T10
S299,T11
S299,T12
S299,T13
S299,T14
S299,T15
S299,T16
S299,T17
S299,T18
S299,T19
S299,T20
S299,T21
S299,T22
S299,T23
S299,T24
S300,T01
S300,T02
S300,T03
S300,T04
S300,T05
S300,T06
S300,T07
S300,T08
S300,T09
S300,T10
S300,T11
S300,T12
S300,T13
S300,T14
S300,T15
S300,T16
S300,T17
S300,T18
S300,T19
S300,T20
S300,T21
S300,T22
S300,T23
S300,T24
S301,T01
S301,T02
S301,T03
S301,T04
S301,T05
S301,T06
S301,T07
S301,T08
S301,T09
S301,T10
S301,T11
S301,T12
S301,T13
S301,T14
S301,T15
S301,T16
S301,T17
S301,T18
S301,T19
S301,T20
S301,T21
S301,T22
S301,T23
S301,T24
S302,T01
S302,T02
S302,T03
S302,T04
S302,T05
S302,T06
S302,T07
S302,T08
S302,T09
S302,T10
S302,T11
S302,T12
S302,T13
S302,T14
S302,T15
S302,T16
S302,T17
S302,T18
S302,T19
S302,T20
S302,T21
S302,T22
S302,T23
S302,T24
S303,T01
S303,T02
S303,T03
S303,T04
S303,T05
S303,T06
S303,T07
S303,T08
S303,T09
S303,T10
S303,T11
S303,T12
S303,T13
S303,T14
S303,T15
S303,T16
S303,T17
S303,T18
S303,T19
S303,T20
S303,T21
S303,T22
S303,T23
S303,T24
S304,T01
S304,T02
S304,T03
S304,T04
S304,T05
S304,T06
S304,T07
S304,T08
S304,T09
S304,T10
S304,T11
S304,T12
S304,T13
S304,T14
S304,T15
S304,T16
S304,T17
S304,T18
S304,T19
S304,T20
S304,T21
S304,T22
S304,T23
S304,T24
S305,T01
S305,T02
S305,T03
S305,T04
S305,T05
S305,T06
S305,T07
S305,T08
S305,T09
S305,T10
S305,T11
S305,T12
S305,T13
S305,T14
S305,T15
S305,T16
S305,T17
S305,T18
S305,T19
S305,T20
S305,T21
S305,T22
S305,T23
S305,T24
S306,T01
S306,T02
S306,T03
S306,T04
S306,T05
S306,T06
S306,T07
S306,T08
S306,T09
S306,T10
S306,T11
S306,T12
S306,T13
S306,T14
S306,T15
S306,T16
S306,T17
S306,T18
S306,T19
S306,T20
S306,T21
S306,T22
S306,T23
S306,T24
S307,T01
S307,T02
S307,T03
S307,T04
S307,T05
S307,T06
S307,T07
S307,T08
S307,T09
S307,T10
S307,T11
S307,T12
S307,T13
S307,T14
S307,T15
S307,T16
S307,T17
S307,T18
S307,T19
S307,T20
S307,T21
S307,T22
S307,T23
S307,T24
S308,T01
S308,T02
S308,T03
S308,T04
S308,T05
S308,T06
S308,T07
S308,T08
S308,T09
S308,T10
S308,T11
S308,T12
S308,T13
S308,T14
S308,T15
S308,T16
S308,T17
S308,T18
S308,T19
S308,T20
S308,T21
S308,T22
S308,T23
S308,T24
S309,T01
S309,T02
S309,T03
S309,T04
S309,T05
S309,T06
S309,T07
S309,T08
S309,T09
S309,T10
S309,T11
S309,T12
S309,T13
S309,T14
S309,T15
S309,T16
S309,T17
S309,T18
S309,T19
S309,T20
S309,T21
S309,T22
S309,T23
S309,T24
S310,T01
S310,T02
S310,T03
S310,T04
S310,T05
S310,T06
S310,T07
S310,T08
S310,T09
S310,T10
S310,T11
S310,T12
S310,T13
S310,T14
S310,T15
S310,T16
S310,T17
S310,T18
S310,T19
S310,T20
S310,T21
S310,T22
S310,T23
S310,T24
S311,T01
S311,T02
S311,T03
S311,T04
S311,T05
S311,T06
S311,T07
S311,T08
S311,T09
S311,T10
S311,T11
S311,T12
S311,T13
S311,T14
S311,T15
S311,T16
S311,T17
S311,T18
S311,T19
S311,T20
S311,T21
S311,T22
S311,T23
S311,T24
S312,T01
S312,T02
S312,T03
S312,T04
S312,T05
S312,T06
S312,T07
S312,T08
S312,T09
S312,T10
S312,T11
S312,T12
S312,T13
S312,T14
S312,T15
S312,T16
S312,T17
S312,T18
S312,T19
S312,T20
S312,T21
S312,T22
S312,T23
S312,T24
S313,T01
S313,T02
S313,T03
S313,T04
S313,T05
S313,T06
S313,T07
S313,T08
S313,T09
S313,T10
S313,T11
S313,T12
S313,T13
S313,T14
S313,T15
S313,T16
S313,T17
S313,T18
S313,T19
S313,T20
S313,T21
S313,T22
S313,T23
S313,T24
S314,T01
S314,T02
S314,T03
S314,T04
S314,T05
S314,T06
S314,T07
S314,T08
S314,T09
S314,T10
S314,T11
S314,T12
S314,T13
S314,T14
S314,T15
S314,T16
S314,T17
S314,T18
S314,T19
S314,T20
S314,T21
S314,T22
S314,T23
S314,T24
S315,T01
S315,T02
S315,T03
S315,T04
S315,T05
S315,T06
S315,T07
S315,T08
S315,T09
S315,T10
S315,T11
S315,T12
S315,T13
S315,T14
S315,T15
S315,T16
S315,T17
S315,T18
S315,T19
S315,T20
S315,T21
S315,T22
S315,T23
S315,T24
S316,T01
S316,T02
S316,T03
S316,T04
S316,T05
S316,T06
S316,T07
S316,T08
S316,T09
S316,T10
S316,T11
S316,T12
S316,T13
S316,T14
S316,T15
S316,T16
S316,T17
S316,T18
S316,T19
S316,T20
S316,T21
S316,T22
S316,T23
S316,T24
S317,T01
S317,T02
S317,T03
S317,T04
S317,T05
S317,T06
S317,T07
S317,T08
S317,T09
S317,T10
S317,T11
S317,T12
S317,T13
S317,T14
S317,T15
S317,T16
S317,T17
S317,T18
S317,T19
S317,T20
S317,T21
S317,T22
S317,T23
S317,T24
S318,T01
S318,T02
S318,T03
S318,T04
S318,T05
S318,T06
S318,T07
S318,T08
S318,T09
S318,T10
S318,T11
S318,T12
S318,T13
S318,T14
S318,T15
S318,T16
S318,T17
S318,T18
S318,T19
S318,T20
S318,T21
S318,T22
S318,T23
S318,T24
S319,T01
S319,T02
S319,T03
S319,T04
S319,T05
S319,T06
S319,T07
S319,T08
S319,T09
S319,T10
S319,T11
S319,T12
S319,T13
S319,T14
S319,T15
S319,T16
S319,T17
S319,T18
S319,T19
S319,T20
S319,T21
S319,T22
S319,T23
S319,T24
S320,T01
S320,T02
S320,T03
S320,T04
S320,T05
S320,T06
S320,T07
S320,T08
S320,T09
S320,T10
S320,T11
S320,T12
S320,T13
S320,T14
S320,T15
S320,T16
S320,T17
S320,T18
S320,T19
S320,T20
S320,T21
S320,T22
S320,T23
S320,T24
S321,T01
S321,T02
S321,T03
S321,T04
S321,T05
S321,T06
S321,T07
S321,T08
S321,T09
S321,T10
S321,T11
S321,T12
S321,T13
S321,T14
S321,T15
S321,T16
S321,T17
S321,T18
S321,T19
S321,T20
S321,T21
S321,T22
S321,T23
S321,T24
S322,T01
S322,T02
S322,T03
S322,T04
S322,T05
S322,T06
S322,T07
S322,T08
S322,T09
S322,T10
S322,T11
S322,T12
S322,T13
S322,T14
S322,T15
S322,T16
S322,T17
S322,T18
S322,T19
S322,T20
S322,T21
S322,T22
S322,T23
S322,T24
S323,T01
S323,T02
S323,T03
S323,T04
S323,T05
S323,T06
S323,T07
S323,T08
S323,T09
S323,T10
S323,T11
S323,T12
S323,T13
S323,T14
S323,T15
S323,T16
S323,T17
S323,T18
S323,T19
S323,T20
S323,T21
S323,T22
S323,T23
S323,T24
S324,T01
S324,T02
S324,T03
S324,T04
S324,T05
S324,T06
S324,T07
S324,T08
S324,T09
S324,T10
S324,T11
S324,T12
S324,T13
S324,T14
S324,T15
S324,T16
S324,T17
S324,T18
S324,T19
S324,T20
S324,T21
S324,T22
S324,T23
S324,T24
S325,T01
S325,T02
S325,T03
S325,T04
S325,T05
S325,T06
S325,T07
S325,T08
S325,T09
S325,T10
S325,T11
S325,T12
S325,T13
S325,T14
S325,T15
S325,T16
S325,T17
S325,T18
S325,T19
S325,T20
S325,T21
S325,T22
S325,T23
S325,T24
S326,T01
S326,T02
S326,T03
S326,T04
S326,T05
S326,T06
S326,T07
S326,T08
S326,T09
S326,T10
S326,T11
S326,T12
S326,T13
S326,T14
S326,T15
S326,T16
S326,T17
S326,T18
S326,T19
S326,T20
S326,T21
S326,T22
S326,T23
S326,T24
S327,T01
S327,T02
S327,T03
S327,T04
S327,T05
S327,T06
S327,T07
S327,T08
S327,T09
S327,T10
S327,T11
S327,T12
S327,T13
S327,T14
S327,T15
S327,T16
S327,T17
S327,T18
S327,T19
S327,T20
S327,T21
S327,T22
S327,T23
S327,T24
S328,T01
S328,T02
S328,T03
S328,T04
S328,T05
S328,T06
S328,T07
S328,T08
S328,T09
S328,T10
S328,T11
S328,T12
S328,T13
S328,T14
S328,T15
S328,T16
S328,T17
S328,T18
S328,T19
S328,T20
S328,T21
S328,T22
S328,T23
S328,T24
S329,T01
S329,T02
S329,T03
S329,T04
S329,T05
S329,T06
S329,T07
S329,T08
S329,T09
S329,T10
S329,T11
S329,T12
S329,T13
S329,T14
S329,T15
S329,T16
S329,T17
S329,T18
S329,T19
S329,T20
S329,T21
S329,T22
S329,T23
S329,T24
S330,T01
S330,T02
S330,T03
S330,T04
S330,T05
S330,T06
S330,T07
S330,T08
S330,T09
S330,T10
S330,T11
S330,T12
S330,T13
S330,T14
S330,T15
S330,T16
S330,T17
S330,T18
S330,T19
S330,T20
S330,T21
S330,T22
S330,T23
S330,T24
S331,T01
S331,T02
S331,T03
S331,T04
S331,T05
S331,T06
S331,T07
S331,T08
S331,T09
S331,T10
S331,T11
S331,T12
S331,T13
S331,T14
S331,T15
S331,T16
S331,T17
S331,T18
S331,T19
S331,T20
S331,T21
S331,T22
S331,T23
S331,T24
S332,T01
S332,T02
S332,T03
S332,T04
S332,T05
S332,T06
S332,T07
S332,T08
S332,T09
S332,T10
S332,T11
S332,T12
S332,T13
S332,T14
S332,T15
S332,T16
S332,T17
S332,T18
S332,T19
S332,T20
S332,T21
S332,T22
S332,T23
S332,T24
S333,T01
S333,T02
S333,T03
S333,T04
S333,T05
S333,T06
S333,T07
S333,T08
S333,T09
S333,T10
S333,T11
S333,T12
S333,T13
S333,T14
S333,T15
S333,T16
S333,T17
S333,T18
S333,T19
S333,T20
S333,T21
S333,T22
S333,T23
S333,T24
S334,T01
S334,T02
S334,T03
S334,T04
S334,T05
S334,T06
S334,T07
S334,T08
S334,T09
S334,T10
S334,T11
S334,T12
S334,T13
S334,T14
S334,T15
S334,T16
S334,T17
S334,T18
S334,T19
S334,T20
S334,T21
S334,T22
S334,T23
S334,T24
S335,T01
S335,T02
S335,T03
S335,T04
S335,T05
S335,T06
S335,T07
S335,T08
S335,T09
S335,T10
S335,T11
S335,T12
S335,T13
S335,T14
S335,T15
S335,T16
S335,T17
S335,T18
S335,T19
S335,T20
S335,T21
S335,T22
S335,T23
S335,T24
S336,T01
S336,T02
S336,T03
S336,T04
S336,T05
S336,T06
S336,T07
S336,T08
S336,T09
S336,T10
S336,T11
S336,T12
S336,T13
S336,T14
S336,T15
S336,T16
S336,T17
S336,T18
S336,T19
S336,T20
S336,T21
S336,T22
S336,T23
S336,T24
S337,T01
S337,T02
S337,T03
S337,T04
S337,T05
S337,T06
S337,T07
S337,T08
S337,T09
S337,T10
S337,T11
S337,T12
S337,T13
S337,T14
S337,T15
S337,T16
S337,T17
S337,T18
S337,T19
S337,T20
S337,T21
S337,T22
S337,T23
S337,T24
S338,T01
S338,T02
S338,T03
S338,T04
S338,T05
S338,T06
S338,T07
S338,T08
S338,T09
S338,T10
S338,T11
S338,T12
S338,T13
S338,T14
S338,T15
S338,T16
S338,T17
S338,T18
S338,T19
S338,T20
S338,T21
S338,T22
S338,T23
S338,T24
S339,T01
S339,T02
S339,T03
S339,T04
S339,T05
S339,T06
S339,T07
S339,T08
S339,T09
S339,T10
S339,T11
S339,T12
S339,T13
S339,T14
S339,T15
S339,T16
S339,T17
S339,T18
S339,T19
S339,T20
S339,T21
S339,T22
S339,T23
S339,T24
S340,T01
S340,T02
S340,T03
S340,T04
S340,T05
S340,T06
S340,T07
S340,T08
S340,T09
S340,T10
S340,T11
S340,T12
S340,T13
S340,T14
S340,T15
S340,T16
S340,T17
S340,T18
S340,T19
S340,T20
S340,T21
S340,T22
S340,T23
S340,T24
S341,T01
S341,T02
S341,T03
S341,T04
S341,T05
S341,T06
S341,T07
S341,T08
S341,T09
S341,T10
S341,T11
S341,T12
S341,T13
S341,T14
S341,T15
S341,T16
S341,T17
S341,T18
S341,T19
S341,T20
S341,T21
S341,T22
S341,T23
S341,T24
S342,T01
S342,T02
S342,T03
S342,T04
S342,T05
S342,T06
S342,T07
S342,T08
S342,T09
S342,T10
S342,T11
S342,T12
S342,T13
S342,T14
S342,T15
S342,T16
S342,T17
S342,T18
S342,T19
S342,T20
S342,T21
S342,T22
S342,T23
S342,T24
S343,T01
S343,T02
S343,T03
S343,T04
S343,T05
S343,T06
S343,T07
S343,T08
S343,T09
S343,T10
S343,T11
S343,T12
S343,T13
S343,T14
S343,T15
S343,T16
S343,T17
S343,T18
S343,T19
S343,T20
S343,T21
S343,T22
S343,T23
S343,T24
S344,T01
S344,T02
S344,T03
S344,T04
S344,T05
S344,T06
S344,T07
S344,T08
S344,T09
S344,T10
S344,T11
S344,T12
S344,T13
S344,T14
S344,T15
S344,T16
S344,T17
S344,T18
S344,T19
S344,T20
S344,T21
S344,T22
S344,T23
S344,T24
S345,T01
S345,T02
S345,T03
S345,T04
S345,T05
S345,T06
S345,T07
S345,T08
S345,T09
S345,T10
S345,T11
S345,T12
S345,T13
S345,T14
S345,T15
S345,T16
S345,T17
S345,T18
S345,T19
S345,T20
S345,T21
S345,T22
S345,T23
S345,T24
S346,T01
S346,T02
S346,T03
S346,T04
S346,T05
S346,T06
S346,T07
S346,T08
S346,T09
S346,T10
S346,T11
S346,T12
S346,T13
S346,T14
S346,T15
S346,T16
S346,T17
S346,T18
S346,T19
S346,T20
S346,T21
S346,T22
S346,T23
S346,T24
S347,T01
S347,T02
S347,T03
S347,T04
S347,T05
S347,T06
S347,T07
S347,T08
S347,T09
S347,T10
S347,T11
S347,T12
S347,T13
S347,T14
S347,T15
S347,T16
S347,T17
S347,T18
S347,T19
S347,T20
S347,T21
S347,T22
S347,T23
S347,T24
S348,T01
S348,T02
S348,T03
S348,T04
S348,T05
S348,T06
S348,T07
S348,T08
S348,T09
S348,T10
S348,T11
S348,T12
S348,T13
S348,T14
S348,T15
S348,T16
S348,T17
S348,T18
S348,T19
S348,T20
S348,T21
S348,T22
S348,T23
S348,T24
S349,T01
S349,T02
S349,T03
S349,T04
S349,T05
S349,T06
S349,T07
S349,T08
S349,T09
S349,T10
S349,T11
S349,T12
S349,T13
S349,T14
S349,T15
S349,T16
S349,T17
S349,T18
S349,T19
S349,T20
S349,T21
S349,T22
S349,T23
S349,T24
S350,T01
S350,T02
S350,T03
S350,T04
S350,T05
S350,T06
S350,T07
S350,T08
S350,T09
S350,T10
S350,T11
S350,T12
S350,T13
S350,T14
S350,T15
S350,T16
S350,T17
S350,T18
S350,T19
S350,T20
S350,T21
S350,T22
S350,T23
S350,T24
S351,T01
S351,T02
S351,T03
S351,T04
S351,T05
S351,T06
S351,T07
S351,T08
S351,T09
S351,T10
S351,T11
S351,T12
S351,T13
S351,T14
S351,T15
S351,T16
S351,T17
S351,T18
S351,T19
S351,T20
S351,T21
S351,T22
S351,T23
S351,T24
S352,T01
S352,T02
S352,T03
S352,T04
S352,T05
S352,T06
S352,T07
S352,T08
S352,T09
S352,T10
S352,T11
S352,T12
S352,T13
S352,T14
S352,T15
S352,T16
S352,T17
S352,T18
S352,T19
S352,T20
S352,T21
S352,T22
S352,T23
S352,T24
S353,T01
S353,T02
S353,T03
S353,T04
S353,T05
S353,T06
S353,T07
S353,T08
S353,T09
S353,T10
S353,T11
S353,T12
S353,T13
S353,T14
S353,T15
S353,T16
S353,T17
S353,T18
S353,T19
S353,T20
S353,T21
S353,T22
S353,T23
S353,T24
S354,T01
S354,T02
S354,T03
S354,T04
S354,T05
S354,T06
S354,T07
S354,T08
S354,T09
S354,T10
S354,T11
S354,T12
S354,T13
S354,T14
S354,T15
S354,T16
S354,T17
S354,T18
S354,T19
S354,T20
S354,T21
S354,T22
S354,T23
S354,T24
S355,T01
S355,T02
S355,T03
S355,T04
S355,T05
S355,T06
S355,T07
S355,T08
S355,T09
S355,T10
S355,T11
S355,T12
S355,T13
S355,T14
S355,T15
S355,T16
S355,T17
S355,T18
S355,T19
S355,T20
S355,T21
S355,T22
S355,T23
S355,T24
S356,T01
S356,T02
S356,T03
S356,T04
S356,T05
S356,T06
S356,T07
S356,T08
S356,T09
S356,T10
S356,T11
S356,T12
S356,T13
S356,T14
S356,T15
S356,T16
S356,T17
S356,T18
S356,T19
S356,T20
S356,T21
S356,T22
S356,T23
S356,T24
S357,T01
S357,T02
S357,T03
S357,T04
S357,T05
S357,T06
S357,T07
S357,T08
S357,T09
S357,T10
S357,T11
S357,T12
S357,T13
S357,T14
S357,T15
S357,T16
S357,T17
S357,T18
S357,T19
S357,T20
S357,T21
S357,T22
S357,T23
S357,T24
S358,T01
S358,T02
S358,T03
S358,T04
S358,T05
S358,T06
S358,T07
S358,T08
S358,T09
S358,T10
S358,T11
S358,T12
S358,T13
S358,T14
S358,T15
S358,T16
S358,T17
S358,T18
S358,T19
S358,T20
S358,T21
S358,T22
S358,T23
S358,T24
S359,T01
S359,T02
S359,T03
S359,T04
S359,T05
S359,T06
S359,T07
S359,T08
S359,T09
S359,T10
S359,T11
S359,T12
S359,T13
S359,T14
S359,T15
S359,T16
S359,T17
S359,T18
S359,T19
S359,T20
S359,T21
S359,T22
S359,T23
S359,T24
S360,T01
S360,T02
S360,T03
S360,T04
S360,T05
S360,T06
S360,T07
S360,T08
S360,T09
S360,T10
S360,T11
S360,T12
S360,T13
S360,T14
S360,T15
S360,T16
S360,T17
S360,T18
S360,T19
S360,T20
S360,T21
S360,T22
S360,T23
S360,T24
S361,T01
S361,T02
S361,T03
S361,T04
S361,T05
S361,T06
S361,T07
S361,T08
S361,T09
S361,T10
S361,T11
S361,T12
S361,T13
S361,T14
S361,T15
S361,T16
S361,T17
S361,T18
S361,T19
S361,T20
S361,T21
S361,T22
S361,T23
S361,T24
S362,T01
S362,T02
S362,T03
S362,T04
S362,T05
S362,T06
S362,T07
S362,T08
S362,T09
S362,T10
S362,T11
S362,T12
S362,T13
S362,T14
S362,T15
S362,T16
S362,T17
S362,T18
S362,T19
S362,T20
S362,T21
S362,T22
S362,T23
S362,T24
S363,T01
S363,T02
S363,T03
S363,T04
S363,T05
S363,T06
S363,T07
S363,T08
S363,T09
S363,T10
S363,T11
S363,T12
S363,T13
S363,T14
S363,T15
S363,T16
S363,T17
S363,T18
S363,T19
S363,T20
S363,T21
S363,T22
S363,T23
S363,T24
S364,T01
S364,T02
S364,T03
S364,T04
S364,T05
S364,T06
S364,T07
S364,T08
S364,T09
S364,T10
S364,T11
S364,T12
S364,T13
S364,T14
S364,T15
S364,T16
S364,T17
S364,T18
S364,T19
S364,T20
S364,T21
S364,T22
S364,T23
S364,T24
